Zip Code,Address,County,City
94015,245 Wilshire Avenue,San Mateo,Daly City
94062,36 Finger Avenue,San Mateo,Redwood City
94066,205 Linden Avenue,San Mateo,San Bruno
94402,23 Mounds Road,San Mateo,San Mateo
94403,1665 Wellesley Avenue,San Mateo,San Mateo
94080,19 Tahoe Court,San Mateo,South San Francisco
94070,2721 San Miguel Way,San Mateo,San Carlos
94066,102 Quail Point Circle,San Mateo,San Bruno
94061,50 Horgan Avenue #57,San Mateo,Redwood City
94404,100 Flying Cloud Isle,San Mateo,Foster City
94404,921 Laguna Circle,San Mateo,Foster City
94002,2111 Pullman Avenue,San Mateo,Belmont
94005,62 Mono Street,San Mateo,Brisbane
94002,2804 Highgate Avenue,San Mateo,Belmont
94014,1604 Graystone Lane,San Mateo,Daly City
94019,301 Bayhill Road,San Mateo,Half Moon Bay
94010,25 Bengloe Lane,San Mateo,Hillsborough
94010,865 Black Mountain Road,San Mateo,Hillsborough
94030,151 El Camino Real #117,San Mateo,Millbrae
94030,207 Valencia Drive,San Mateo,Millbrae
94010,139 Gramercy Drive,San Mateo,Hillsborough
94038,868 Linda Vista Street,San Mateo,Moss Beach
94044,1172 Terra Nova Boulevard,San Mateo,Pacifica
94044,1356 Solano Drive,San Mateo,Pacifica
94044,1287 Alicante Drive,San Mateo,Pacifica
94061,329 Belmont Avenue,San Mateo,Redwood City
94061,15 Winston Way,San Mateo,Redwood City
94044,386 Coral Ridge Drive,San Mateo,Pacifica
94044,236 Edgewood Drive,San Mateo,Pacifica
94061,903 Upton Street,San Mateo,Redwood City
94066,4256 Shelter Creek Lane,San Mateo,San Bruno
94066,111 Castleton Way,San Mateo,San Bruno
94070,243 Hillcrest Road,San Mateo,San Carlos
94066,8349 Shelter Creek Lane,San Mateo,San Bruno
94010,139 Gramercy Drive,San Mateo,Hillsborough
94010,865 Black Mountain Road,San Mateo,Hillsborough
94401,601 Laurel Avenue #906,San Mateo,San Mateo
94402,1021 South Idaho Street,San Mateo,San Mateo
94404,654 Fathom Drive,San Mateo,San Mateo
94080,758 Commercial Avenue,San Mateo,South San Francisco
94080,3854 Shamrock Court,San Mateo,South San Francisco
94080,112 Adrian Avenue,San Mateo,South San Francisco
94080,720 Cottonwood Avenue,San Mateo,South San Francisco
94080,1107 Mission Road #201,San Mateo,South San Francisco
94403,1802 Hamlet Street,San Mateo,San Mateo
94401,601 Laurel Avenue #505,San Mateo,San Mateo
94402,1204 South Hummingbird Lane,San Mateo,San Mateo
94005,111 Swallowtail Court,San Mateo,Brisbane
94005,120 Tulare Street,San Mateo,Brisbane
94066,133 San Juan Avenue,San Mateo,San Bruno
94044,416 Johnson Avenue,San Mateo,Pacifica
94404,1004 Windjammer Circle,San Mateo,Foster City
94303,2578 Gonzaga Street East,San Mateo,Palo Alto
94303,2768 Gonzaga Street East,San Mateo,Palo Alto
94025,1382 Hollyburne Avenue,San Mateo,Menlo Park
94062,1313 Jefferson Avenue,San Mateo,Redwood City
94070,28 Oak Creek Lane,San Mateo,San Carlos
94401,817 North Delaware Street,San Mateo,San Mateo
94402,34 Creekridge Court,San Mateo,San Mateo
94403,82 Otay Avenue,San Mateo,San Mateo
94403,450 Landeros Drive,San Mateo,San Mateo
94403,452 Landeros Drive,San Mateo,San Mateo
94062,620 West California Way,San Mateo,Redwood City
94061,22 Sycamore Court,San Mateo,Redwood City
94019,807 the Alameda,San Mateo,Half Moon Bay
94015,27 San Miguel Avenue,San Mateo,Daly City
94010,955 Jackling Drive,San Mateo,Hillsborough
94066,1044 Montgomery Avenue,San Mateo,San Bruno
94066,5257 Shelter Creek Lane #5,San Mateo,San Bruno
94070,5 Poppy Lane #227,San Mateo,San Carlos
94404,157 Albacore Lane,San Mateo,Foster City
94015,652 Skyline Drive,San Mateo,Daly City
94080,43 Fairway Drive,San Mateo,South San Francisco
94019,21 Sunrise Court,San Mateo,Half Moon Bay
94018,115 Del Monte Street,San Mateo,El Granada
94002,400 Davey Glen Road #4621,San Mateo,Belmont
94070,2730 San Miguel Way,San Mateo,San Carlos
94063,643 Turnbuckle Drive #1909,San Mateo,Redwood City
94403,454 Landeros Drive,San Mateo,San Mateo
94497,456 Landeros Drive,San Mateo,San Mateo
94402,1704 Yorktown Road,San Mateo,San Mateo
94401,200 Elm Street #205,San Mateo,San Mateo
94025,6 Bolton Place,San Mateo,Menlo Park
94014,315 Wellington Avenue,San Mateo,Daly City
94066,475 Chestnut Avenue,San Mateo,San Bruno
94044,732 Edgemar Avenue,San Mateo,Pacifica
94044,236 Modoc Place,San Mateo,Pacifica
94044,5015 Palmetto Avenue #1,San Mateo,Pacifica
94010,2495 Skyfarm Drive,San Mateo,Hillsborough
94010,20 Orange Court,San Mateo,Hillsborough
94044,1121 Manzanita Drive,San Mateo,Pacifica
94066,4338 Shelter Creek Lane,San Mateo,San Bruno
94010,20 Orange Court,San Mateo,Hillsborough
94030,1100 Tuolumne Road,San Mateo,Millbrae
94025,130 Sand Hill Circle,San Mateo,Menlo Park
94025,1281 Orange Avenue,San Mateo,Menlo Park
94403,1518 Lago Street #102,San Mateo,San Mateo
94401,828 Crescent Avenue,San Mateo,San Mateo
94401,555 Laurel Avenue #304,San Mateo,San Mateo
94062,4115 Jefferson Avenue,San Mateo,Redwood City
94070,23 Vine Street,San Mateo,San Carlos
94063,641 Turnbuckle Drive #1706,San Mateo,Redwood City
94063,235 C Street,San Mateo,Redwood City
94063,645 Turnbuckle Drive #2106,San Mateo,Redwood City
94002,2115 Sharon Avenue,San Mateo,Belmont
94403,3404 Del Monte Street,San Mateo,San Mateo
94070,1005 Hall Street,San Mateo,San Carlos
94020,7540 La Honda Road,San Mateo,La Honda
94038,170 Los Banos Avenue,San Mateo,Moss Beach
94303,2201 Addison Avenue,San Mateo,Palo Alto
94019,255 Palma Street,San Mateo,Half Moon Bay
94080,104 Rosa Flora Circle,San Mateo,South San Francisco
94080,202 Chapman Avenue,San Mateo,South San Francisco
94080,202 Crown Circle,San Mateo,South San Francisco
94080,310 Hazelwood Drive,San Mateo,South San Francisco
94066,2060 Spyglass Drive,San Mateo,San Bruno
94014,667 Sylvan Street,San Mateo,Daly City
,,San Mateo,
,,San Mateo,
,,San Mateo,
,,San Mateo,
,,San Mateo,
