94612,Madison St #103,1,1,Oakland,554 sqft,31-Dec-69,$0 ,37.801994,-122.26376,CA,Condo,204299,,,Lakeside,89,83,For Sale,ALAMEDA
94609,30th St,1,1,Oakland,691 sqft,31-Dec-69,$0 ,37.81919,-122.268166,CA,Condo,243197,,,Pill Hill,91,67,For Sale,ALAMEDA
94607,Embarcadero W #252,1,1,Oakland,668 sqft,31-Dec-69,$0 ,37.79201,-122.2685,CA,Condo,254058,,,Produce and Waterfront,85,78,For Sale,ALAMEDA
94606,5th Ave #10,1,2,Oakland,800 sqft,31-Dec-69,$0 ,37.79909,-122.2491,CA,Condo,230980,,,Ivy Hill,78,62,For Sale,ALAMEDA
94605,Macarthur Blvd #20,1,2,Oakland,"1,083 sqft",31-Dec-69,$0 ,37.772358,-122.1777,CA,Condo,238843,,,Millsmont,62,54,For Sale,ALAMEDA
94609,Shafter Ave,1,1,Oakland,548 sqft,31-Dec-69,$0 ,37.831474,-122.258934,CA,Condo,352660,,,Temescal,85,68,For Sale,ALAMEDA
94610,Moss Ave,1,1,Oakland,515 sqft,31-Dec-69,$0 ,37.81845,-122.250916,CA,Condo,229960,,,Grand Lake,80,54,For Sale,ALAMEDA
94605,Canyon Oaks Dr,2,2,Oakland,"1,123 sqft",31-Dec-69,$0 ,37.773994,-122.14538,CA,Condo,289454,,,Sequoyah,35,21,For Sale,ALAMEDA
94610,Crescent St,2,2,Oakland,792 sqft,31-Dec-69,$0 ,37.81403,-122.24942,CA,Condo,273260,,,Grand Lake,94,52,For Sale,ALAMEDA
94610,Lenox Ave,1,1,Oakland,665 sqft,31-Dec-69,$0 ,37.812214,-122.25868,CA,Condo,277910,,,Adams Point,78,69,For Sale,ALAMEDA
94605,62nd Ave #B,1,2,Oakland,500 sqft,31-Dec-69,$0 ,37.767628,-122.19199,CA,Condo,151159,,,Seminary,49,54,For Sale,ALAMEDA
94608,30th St,2,4,Oakland,"1,169 sqft",31-Dec-69,$0 ,37.821144,-122.27776,CA,Multi-Family Home,360292,,,McClymonds,72,63,For Sale,ALAMEDA
94612,Jefferson St #310,1,1,Oakland,916 sqft,31-Dec-69,$0 ,37.806675,-122.27419,CA,Condo,311345,,,San Pablo Gateway,95,84,For Sale,ALAMEDA
94607,Alice St #503,1,1,Oakland,726 sqft,31-Dec-69,$0 ,37.79598,-122.270485,CA,Condo,319871,,,Produce and Waterfront,95,83,For Sale,ALAMEDA
94605,Canyon Oaks Dr,2,2,Oakland,"1,123 sqft",31-Dec-69,$0 ,37.772793,-122.147415,CA,Condo,307671,,,Sequoyah,31,22,For Sale,ALAMEDA
94610,Montecito Ave #302,1,2,Oakland,"1,089 sqft",31-Dec-69,$0 ,37.812256,-122.25867,CA,Condo,439194,,,Adams Point,80,69,For Sale,ALAMEDA
94621,86th Ave #B,2,2,Oakland,"1,708 sqft",31-Dec-69,$0 ,37.749092,-122.18395,CA,Multi-Family Home,234048,,,Highland,63,54,For Sale,ALAMEDA
94607,Myrtle St,1,2,Oakland,900 sqft,31-Dec-69,$0 ,37.81874,-122.27818,CA,Single-Family Home,164334,,,McClymonds,75,60,For Sale,ALAMEDA
94605,Fortune Way,1,1,Oakland,616 sqft,31-Dec-69,$0 ,37.77121,-122.190735,CA,Single-Family Home,120599,,,Bancroft Business,60,55,For Sale,ALAMEDA
94605,Outlook Ave,1,1,Oakland,558 sqft,31-Dec-69,$0 ,37.77105,-122.17044,CA,Single-Family Home,107214,,,Millsmont,68,55,For Sale,ALAMEDA
94605,Casa Ct,2,3,Oakland,"1,177 sqft",31-Dec-69,$0 ,37.753765,-122.16087,CA,Single-Family Home,227950,,,Toler Heights,54,51,For Sale,ALAMEDA
94607,16th St,2,3,Oakland,"1,520 sqft",31-Dec-69,$0 ,37.81095,-122.285126,CA,Single-Family Home,280000,,,Oak Center,75,67,For Sale,ALAMEDA
94619,Birdsall Ave,1,2,Oakland,824 sqft,31-Dec-69,$0 ,37.785007,-122.193825,CA,Single-Family Home,227200,,,Maxwell Park,74,50,For Sale,ALAMEDA
94619,Eastman Ave,1,3,Oakland,"1,111 sqft",31-Dec-69,$0 ,37.784775,-122.203384,CA,Single-Family Home,316072,,,Allendale,77,49,For Sale,ALAMEDA
94621,72nd Ave,1,2,Oakland,877 sqft,31-Dec-69,$0 ,37.755657,-122.19403,CA,Single-Family Home,129087,,,Coliseum,52,69,For Sale,ALAMEDA
94603,Acalanes Dr,1,4,Oakland,"1,075 sqft",31-Dec-69,$0 ,37.729137,-122.17356,CA,Single-Family Home,172850,,,Sobrante Park,45,48,For Sale,ALAMEDA
94612,19th St,1,1,Oakland,752 sqft,31-Dec-69,$0 ,37.81071,-122.27699,CA,Single-Family Home,178451,,,Ralph Bunche,86,76,For Sale,ALAMEDA
94601,High St,2,3,Oakland,"1,292 sqft",31-Dec-69,$0 ,37.77627,-122.21007,CA,Single-Family Home,241124,,,Jefferson,65,58,For Sale,ALAMEDA
94607,Myrtle St,1,3,Oakland,"1,519 sqft",31-Dec-69,$0 ,37.815678,-122.27998,CA,Single-Family Home,289177,,,McClymonds,80,65,For Sale,ALAMEDA
94621,75th Ave,1,2,Oakland,"1,140 sqft",31-Dec-69,$0 ,37.757732,-122.186745,CA,Single-Family Home,169115,,,Fitchburg,55,63,For Sale,ALAMEDA
94601,Bancroft Ave,2,2,Oakland,"1,322 sqft",31-Dec-69,$0 ,37.77176,-122.202255,CA,Single-Family Home,245431,,,Fairfax Business,62,51,For Sale,ALAMEDA
94601,Bartlett St,1,3,Oakland,"1,263 sqft",31-Dec-69,$0 ,37.787895,-122.21231,CA,Single-Family Home,228331,,,Bartlett,62,52,For Sale,ALAMEDA
94605,Ney Ave,1,2,Oakland,"1,131 sqft",31-Dec-69,$0 ,37.76876,-122.16929,CA,Single-Family Home,217390,,,Eastmont Hills,65,55,For Sale,ALAMEDA
94605,Iris St,1,3,Oakland,"1,305 sqft",31-Dec-69,$0 ,37.76064,-122.16469,CA,Single-Family Home,248285,,,Castlemont,40,52,For Sale,ALAMEDA
94603,94th Ave,2,4,Oakland,"1,621 sqft",31-Dec-69,$0 ,37.746593,-122.173836,CA,Multi-Family Home,254124,,,Elmhurst Park,63,50,For Sale,ALAMEDA
94605,Dowling St,2,6,Oakland,"2,005 sqft",31-Dec-69,$0 ,37.76125,-122.169495,CA,Single-Family Home,355926,,,Eastmont,54,55,For Sale,ALAMEDA
94621,Lockwood St,2,2,Oakland,"1,092 sqft",31-Dec-69,$0 ,37.763428,-122.18144,CA,Multi-Family Home,194032,,,Hegenberger,62,57,For Sale,ALAMEDA
94610,York St #123,2,2,Oakland,"1,519 sqft",31-Dec-69,$0 ,37.812862,-122.24367,CA,Condo,506452,,,Lakeshore,95,50,For Sale,ALAMEDA
94621,57th Ave,1,4,Oakland,"1,330 sqft",31-Dec-69,$0 ,37.76693,-122.20045,CA,Single-Family Home,189444,,,Seminary,60,51,For Sale,ALAMEDA
94621,Weld St,1,2,Oakland,762 sqft,31-Dec-69,$0 ,37.759174,-122.17854,CA,Single-Family Home,117594,,,Arroyo Viejo,57,57,For Sale,ALAMEDA
94605,78th Ave,1,2,Oakland,"1,086 sqft",31-Dec-69,$0 ,37.764915,-122.17159,CA,Single-Family Home,217147,,,Eastmont,74,57,For Sale,ALAMEDA
94601,Glascock St,1,1,Oakland,806 sqft,31-Dec-69,$0 ,37.770893,-122.231064,CA,Unspecified,159861,,,South Kennedy Tract,92,70,For Sale,ALAMEDA
94605,Macarthur Blvd,2,3,Oakland,"1,736 sqft",31-Dec-69,$0 ,37.77498,-122.18188,CA,Single-Family Home,334577,,,Frick,69,54,For Sale,ALAMEDA
94619,Penniman Ave,1,2,Oakland,810 sqft,31-Dec-69,$0 ,37.787083,-122.20359,CA,Single-Family Home,237420,,,Allendale,77,49,For Sale,ALAMEDA
94605,Krause Ave,1,2,Oakland,887 sqft,31-Dec-69,$0 ,37.764606,-122.17817,CA,Single-Family Home,177763,,,Arroyo Viejo,66,58,For Sale,ALAMEDA
94601,E 18th St,1,2,Oakland,"1,178 sqft",31-Dec-69,$0 ,37.775352,-122.21387,CA,Single-Family Home,222812,,,Saint Elizabeth,78,67,For Sale,ALAMEDA
94605,Outlook Ave,1,2,Oakland,"1,385 sqft",31-Dec-69,$0 ,37.763596,-122.16205,CA,Single-Family Home,278556,,,Oak Knoll Golf Links,48,48,For Sale,ALAMEDA
94621,61st Ave,1,2,Oakland,480 sqft,31-Dec-69,$0 ,37.76095,-122.202805,CA,Single-Family Home,74585,,,Lockwood-Tevis,55,62,For Sale,ALAMEDA
94605,62nd Ave,1,3,Oakland,"1,226 sqft",31-Dec-69,$0 ,37.775646,-122.17959,CA,Single-Family Home,273479,,,Millsmont,63,52,For Sale,ALAMEDA
94601,24th Ave,1,2,Oakland,"1,178 sqft",31-Dec-69,$0 ,37.786118,-122.23087,CA,Single-Family Home,241816,,,Meadow Brook,60,60,For Sale,ALAMEDA
94601,24th Ave,1,2,Oakland,"1,222 sqft",31-Dec-69,$0 ,37.786198,-122.2308,CA,Single-Family Home,261557,,,Meadow Brook,60,60,For Sale,ALAMEDA
94619,Viola St,1,3,Oakland,"1,031 sqft",31-Dec-69,$0 ,37.786865,-122.20609,CA,Single-Family Home,388000,,,Allendale,57,49,For Sale,ALAMEDA
94602,Pleitner Ave,1,2,Oakland,"1,344 sqft",31-Dec-69,$0 ,37.793022,-122.21208,CA,Single-Family Home,190000,,,Upper Peralta Creek,57,54,For Sale,ALAMEDA
94611,Harrison St,2,7,Oakland,"2,866 sqft",31-Dec-69,$0 ,37.818737,-122.25534,CA,Multi-Family Home,728000,,,Oakland Ave/Harrison St,74,58,For Sale,ALAMEDA
94606,1134 Foothill Blvd,,,Oakland,,31-Dec-69,$0 ,37.792324,-122.246284,CA,Unspecified,249000,,,Clinton,77,57,For Sale,ALAMEDA
94606,E 30th St,1,2,Oakland,"2,038 sqft",31-Dec-69,$0 ,37.797413,-122.22843,CA,Single-Family Home,250000,,,Tuxedo,54,55,For Sale,ALAMEDA
94610,Orange St #209,1,1,Oakland,535 sqft,31-Dec-69,$0 ,37.817467,-122.25415,CA,Condo,144700,,,Oakland Ave/Harrison St,71,52,For Sale,ALAMEDA
94605,Lawlor St,2,3,Oakland,"1,750 sqft",31-Dec-69,$0 ,37.7472,-122.155,CA,Single-Family Home,256613,,,Foothill Square,49,51,For Sale,ALAMEDA
94608,28th St #8,1,1,Oakland,"1,481 sqft",31-Dec-69,$0 ,37.819416,-122.278465,CA,Condo,328673,,,McClymonds,71,60,For Sale,ALAMEDA
94608,Arlington Ave,2,2,Oakland,"1,576 sqft",31-Dec-69,$0 ,37.84246,-122.27305,CA,Multi-Family Home,380000,,,Santa Fe,80,57,For Sale,ALAMEDA
94611,Mastlands Dr,2,4,Oakland,"2,424 sqft",31-Dec-69,$0 ,37.8202,-122.1984,CA,Single-Family Home,772785,,,Piedmont Pines,38,30,For Sale,ALAMEDA
94601,33rd Ave,1,5,Oakland,"1,909 sqft",31-Dec-69,$0 ,37.778294,-122.22424,CA,Single-Family Home,303246,,,Saint Elizabeth,88,73,For Sale,ALAMEDA
94606,E 28th St,3,4,Oakland,"4,008 sqft",31-Dec-69,$0 ,37.796005,-122.229996,CA,Single-Family Home,600000,,,Tuxedo,54,55,For Sale,ALAMEDA
94605,Golf Links Rd,1,4,Oakland,"1,873 sqft",31-Dec-69,$0 ,37.76195,-122.16062,CA,Single-Family Home,322000,,,Oak Knoll Golf Links,34,46,For Sale,ALAMEDA
94602,Fruitvale Ave D,2,2,Oakland,"1,369 sqft",31-Dec-69,$0 ,37.803097,-122.21505,CA,Condo,346969,,,Upper Dimond,82,56,For Sale,ALAMEDA
94605,Havenscourt Blvd,1,3,Oakland,"1,564 sqft",31-Dec-69,$0 ,37.76638,-122.18643,CA,Single-Family Home,281145,,,Havenscourt,58,55,For Sale,ALAMEDA
94608,West St,2,3,Oakland,"1,311 sqft",31-Dec-69,$0 ,37.8335,-122.270164,CA,Single-Family Home,340888,,,Longfellow,75,72,For Sale,ALAMEDA
94603,Nevada St,2,3,Oakland,938 sqft,31-Dec-69,$0 ,37.738018,-122.18284,CA,Mobile/Manufactured,197446,,,Brookfield Village,54,39,For Sale,ALAMEDA
94601,Harper St,1,1,Oakland,618 sqft,31-Dec-69,$0 ,37.783546,-122.217224,CA,Single-Family Home,163032,,,Harrington,63,62,For Sale,ALAMEDA
94601,25th Ave,1,3,Oakland,978 sqft,31-Dec-69,$0 ,37.794315,-122.22314,CA,Single-Family Home,222076,,,Reservoir Hills,54,56,For Sale,ALAMEDA
94601,Rawson St,1,2,Oakland,"1,199 sqft",31-Dec-69,$0 ,37.77654,-122.198044,CA,Single-Family Home,270891,,,Maxwell Park,54,52,For Sale,ALAMEDA
94608,Adeline St,1,2,Oakland,"1,144 sqft",31-Dec-69,$0 ,37.839916,-122.274956,CA,Single-Family Home,367200,,,Santa Fe,77,55,For Sale,ALAMEDA
94603,E St,1,3,Oakland,"1,123 sqft",31-Dec-69,$0 ,37.74441,-122.17873,CA,Single-Family Home,207047,,,Elmhurst Park,52,45,For Sale,ALAMEDA
94621,G St,1,2,Oakland,821 sqft,31-Dec-69,$0 ,37.748714,-122.18521,CA,Single-Family Home,155962,,,Highland,63,56,For Sale,ALAMEDA
94609,Racine St,1,2,Oakland,"1,124 sqft",31-Dec-69,$0 ,37.848972,-122.26263,CA,Single-Family Home,375000,,,Bushrod,86,65,For Sale,ALAMEDA
94605,Havenscourt Blvd,1,2,Oakland,"1,055 sqft",31-Dec-69,$0 ,37.76479,-122.18895,CA,Single-Family Home,242125,,,Havenscourt,54,56,For Sale,ALAMEDA
94601,E 10th St,1,3,Oakland,"1,357 sqft",31-Dec-69,$0 ,37.778282,-122.23504,CA,Single-Family Home,262132,,,North Kennedy Tract,77,66,For Sale,ALAMEDA
94608,59th St #2,1,1,Oakland,994 sqft,31-Dec-69,$0 ,37.842148,-122.28276,CA,Condo,427550,,,Paradise Park,85,53,For Sale,ALAMEDA
94605,Thermal St,2,3,Oakland,"1,147 sqft",31-Dec-69,$0 ,37.749725,-122.15753,CA,Single-Family Home,311500,,,Toler Heights,49,51,For Sale,ALAMEDA
94603,95th Ave,1,2,Oakland,"1,000 sqft",31-Dec-69,$0 ,37.745125,-122.17492,CA,Single-Family Home,217538,,,Elmhurst Park,57,48,For Sale,ALAMEDA
94619,35th Ave,1,2,Oakland,"1,022 sqft",31-Dec-69,$0 ,37.789177,-122.20834,CA,Single-Family Home,323262,,,Bartlett,62,51,For Sale,ALAMEDA
94609,59th St,1,2,Oakland,975 sqft,31-Dec-69,$0 ,37.844223,-122.26728,CA,Single-Family Home,362680,,,Bushrod,77,58,For Sale,ALAMEDA
94611,Montgomery St,1,2,Oakland,968 sqft,31-Dec-69,$0 ,37.83143,-122.24901,CA,Single-Family Home,417000,,,Piedmont Avenue,89,51,For Sale,ALAMEDA
94601,54th Ave,1,2,Oakland,844 sqft,31-Dec-69,$0 ,37.766277,-122.20692,CA,Single-Family Home,213758,,,Melrose,69,50,For Sale,ALAMEDA
94602,California St,2,2,Oakland,"1,234 sqft",31-Dec-69,$0 ,37.79834,-122.20097,CA,Single-Family Home,480000,,,Upper Dimond,68,48,For Sale,ALAMEDA
94621,79th Ave,1,2,Oakland,"1,008 sqft",31-Dec-69,$0 ,37.757797,-122.18095,CA,Single-Family Home,172117,,,Arroyo Viejo,55,57,For Sale,ALAMEDA
94621,71st Ave,1,2,Oakland,880 sqft,31-Dec-69,$0 ,37.761433,-122.18712,CA,Single-Family Home,177120,,,Hegenberger,55,61,For Sale,ALAMEDA
94611,Merriewood Dr,2,1,Oakland,"1,175 sqft",31-Dec-69,$0 ,37.83594,-122.214264,CA,Single-Family Home,503200,,,Merriwood,60,30,For Sale,ALAMEDA
94605,77th Ave,1,2,Oakland,816 sqft,31-Dec-69,$0 ,37.765797,-122.171455,CA,Single-Family Home,190129,,,Eastmont,66,57,For Sale,ALAMEDA
94621,Weld St,1,2,Oakland,"1,134 sqft",31-Dec-69,$0 ,37.76186,-122.181145,CA,Single-Family Home,182925,,,Arroyo Viejo,55,57,For Sale,ALAMEDA
94621,82nd Ave,1,2,Oakland,823 sqft,31-Dec-69,$0 ,37.753082,-122.18388,CA,Single-Family Home,157244,,,Woodland,69,59,For Sale,ALAMEDA
94621,Hayes St,1,2,Oakland,831 sqft,31-Dec-69,$0 ,37.76646,-122.19105,CA,Single-Family Home,156080,,,Seminary,55,54,For Sale,ALAMEDA
94605,83rd Ave,1,2,Oakland,946 sqft,31-Dec-69,$0 ,37.76152,-122.16556,CA,Single-Family Home,210666,,,Eastmont,42,53,For Sale,ALAMEDA
94621,82nd Ave,1,2,Oakland,990 sqft,31-Dec-69,$0 ,37.752995,-122.184074,CA,Single-Family Home,170347,,,Woodland,69,59,For Sale,ALAMEDA
94621,Orral St,1,2,Oakland,768 sqft,31-Dec-69,$0 ,37.76237,-122.186165,CA,Single-Family Home,171342,,,Hegenberger,52,59,For Sale,ALAMEDA
94605,Thermal St,1,2,Oakland,889 sqft,31-Dec-69,$0 ,37.75258,-122.15909,CA,Single-Family Home,220199,,,Toler Heights,54,50,For Sale,ALAMEDA
94605,Havenscourt Blvd,1,2,Oakland,768 sqft,31-Dec-69,$0 ,37.77031,-122.181854,CA,Single-Family Home,192099,,,Bancroft Business,69,53,For Sale,ALAMEDA
94601,50th Ave,1,3,Oakland,988 sqft,31-Dec-69,$0 ,37.774567,-122.20495,CA,Single-Family Home,271503,,,Fremont,68,50,For Sale,ALAMEDA
94603,B St,1,1,Oakland,904 sqft,31-Dec-69,$0 ,37.741795,-122.173164,CA,Single-Family Home,161944,,,North Stonehurst,65,48,For Sale,ALAMEDA
94601,E 7th St,1,2,Oakland,624 sqft,31-Dec-69,$0 ,37.773483,-122.23132,CA,Single-Family Home,242165,,,South Kennedy Tract,92,68,For Sale,ALAMEDA
94602,Rhoda Ave,1,1,Oakland,880 sqft,31-Dec-69,$0 ,37.799744,-122.208855,CA,Single-Family Home,462401,,,Upper Dimond,82,54,For Sale,ALAMEDA
94603,91st Ave,1,2,Oakland,988 sqft,31-Dec-69,$0 ,37.747887,-122.17686,CA,Single-Family Home,179963,,,Highland,65,48,For Sale,ALAMEDA
94603,Gibraltar Rd,1,2,Oakland,776 sqft,31-Dec-69,$0 ,37.729156,-122.18725,CA,Single-Family Home,170140,,,Columbia Gardens,63,38,For Sale,ALAMEDA
94602,Boston Ave,1,2,Oakland,852 sqft,31-Dec-69,$0 ,37.800457,-122.21201,CA,Single-Family Home,455657,,,Upper Dimond,88,54,For Sale,ALAMEDA
94605,86th Ave,1,1,Oakland,904 sqft,31-Dec-69,$0 ,37.756844,-122.16738,CA,Single-Family Home,210666,,,Castlemont,48,51,For Sale,ALAMEDA
94607,Linden St,1,2,Oakland,748 sqft,31-Dec-69,$0 ,37.813637,-122.28231,CA,Single-Family Home,200095,,,Ralph Bunche,82,63,For Sale,ALAMEDA
94621,Church St,1,2,Oakland,706 sqft,31-Dec-69,$0 ,37.764877,-122.18461,CA,Single-Family Home,129545,,,Havenscourt,58,56,For Sale,ALAMEDA
94605,79th Ave,1,2,Oakland,740 sqft,31-Dec-69,$0 ,37.76397,-122.169975,CA,Single-Family Home,183124,,,Eastmont,66,57,For Sale,ALAMEDA
94605,63rd Ave,1,2,Oakland,894 sqft,31-Dec-69,$0 ,37.76734,-122.19055,CA,Single-Family Home,207844,,,Seminary,51,55,For Sale,ALAMEDA
94605,60th Ave,1,3,Oakland,"1,162 sqft",31-Dec-69,$0 ,37.77022,-122.19078,CA,Single-Family Home,281435,,,Bancroft Business,65,55,For Sale,ALAMEDA
94603,Robledo Dr,1,3,Oakland,"1,066 sqft",31-Dec-69,$0 ,37.726917,-122.17269,CA,Single-Family Home,194486,,,Sobrante Park,58,53,For Sale,ALAMEDA
94601,38th Ave,1,2,Oakland,872 sqft,31-Dec-69,$0 ,37.78392,-122.20975,CA,Single-Family Home,170138,,,Harrington,57,51,For Sale,ALAMEDA
94601,38th Ave,1,2,Oakland,864 sqft,31-Dec-69,$0 ,37.783016,-122.211006,CA,Single-Family Home,219177,,,Harrington,58,53,For Sale,ALAMEDA
94619,35th Ave,1,2,Oakland,910 sqft,31-Dec-69,$0 ,37.791542,-122.20431,CA,Single-Family Home,282228,,,Bartlett,78,51,For Sale,ALAMEDA
94610,Perkins St #46,1,1,Oakland,545 sqft,31-Dec-69,$0 ,37.81493,-122.25566,CA,Unspecified,213342,,,Adams Point,72,62,For Sale,ALAMEDA
94605,Iris St,1,2,Oakland,"1,012 sqft",31-Dec-69,$0 ,37.762943,-122.16778,CA,Single-Family Home,237360,,,Eastmont,58,54,For Sale,ALAMEDA
94621,86th Ave,1,2,Oakland,768 sqft,31-Dec-69,$0 ,37.750435,-122.18113,CA,Single-Family Home,119949,,,Highland,68,51,For Sale,ALAMEDA
94605,Trask St,1,3,Oakland,690 sqft,31-Dec-69,$0 ,37.770985,-122.193924,CA,Single-Family Home,141049,,,Bancroft Business,60,54,For Sale,ALAMEDA
94603,Nevada St,1,2,Oakland,640 sqft,31-Dec-69,$0 ,37.73702,-122.184204,CA,Single-Family Home,169524,,,Brookfield Village,51,40,For Sale,ALAMEDA
94608,55th St,1,2,Oakland,808 sqft,31-Dec-69,$0 ,37.838963,-122.27834,CA,Single-Family Home,245163,,,Gaskill,82,59,For Sale,ALAMEDA
94621,60th Ave,1,3,Oakland,988 sqft,31-Dec-69,$0 ,37.76413,-122.19959,CA,Single-Family Home,181988,,,East 14th Street Business District,58,62,For Sale,ALAMEDA
94605,Brann St,1,2,Oakland,934 sqft,31-Dec-69,$0 ,37.77063,-122.180626,CA,Single-Family Home,249454,,,Bancroft Business,68,56,For Sale,ALAMEDA
94601,Belvedere St,1,3,Oakland,"1,170 sqft",31-Dec-69,$0 ,37.775352,-122.19966,CA,Single-Family Home,275607,,,Fairfax,55,52,For Sale,ALAMEDA
94605,68th Ave,1,2,Oakland,900 sqft,31-Dec-69,$0 ,37.77164,-122.17582,CA,Single-Family Home,259556,,,Millsmont,77,55,For Sale,ALAMEDA
94601,Foothill Blvd,1,2,Oakland,"1,380 sqft",31-Dec-69,$0 ,37.77263,-122.198,CA,Single-Family Home,278762,,,Fairfax,63,53,For Sale,ALAMEDA
94603,Palmera Ct,2,3,Oakland,"1,177 sqft",31-Dec-69,$0 ,37.755188,-122.16171,CA,Single-Family Home,212162,,,Castlemont,40,50,For Sale,ALAMEDA
94605,Seminary Ave,1,2,Oakland,"1,122 sqft",31-Dec-69,$0 ,37.774727,-122.18593,CA,Single-Family Home,271429,,,Frick,52,54,For Sale,ALAMEDA
94611,Piedmont Ave #209,1,1,Oakland,720 sqft,31-Dec-69,$0 ,37.83004,-122.24761,CA,Unspecified,386393,,,Piedmont Avenue,94,48,For Sale,ALAMEDA
94621,69th Ave,1,2,Oakland,805 sqft,31-Dec-69,$0 ,37.764244,-122.184746,CA,Single-Family Home,132264,,,Hegenberger,55,56,For Sale,ALAMEDA
94602,Laguna Ave,1,2,Oakland,"1,116 sqft",31-Dec-69,$0 ,37.799458,-122.210464,CA,Single-Family Home,459816,,,Upper Dimond,82,54,For Sale,ALAMEDA
94621,75th Ave,1,2,Oakland,878 sqft,31-Dec-69,$0 ,37.756207,-122.18913,CA,Single-Family Home,151102,,,Fitchburg,63,65,For Sale,ALAMEDA
94605,Arthur St,1,2,Oakland,939 sqft,31-Dec-69,$0 ,37.766205,-122.182915,CA,Single-Family Home,192717,,,Havenscourt,60,57,For Sale,ALAMEDA
94606,23rd Ave,1,2,Oakland,954 sqft,31-Dec-69,$0 ,37.78898,-122.23148,CA,Single-Family Home,268463,,,Highland Terrace,60,54,For Sale,ALAMEDA
94605,73rd Ave,1,2,Oakland,928 sqft,31-Dec-69,$0 ,37.77297,-122.168976,CA,Single-Family Home,244166,,,Eastmont Hills,60,53,For Sale,ALAMEDA
94621,Bromley Ave,1,2,Oakland,904 sqft,31-Dec-69,$0 ,37.765373,-122.19372,CA,Single-Family Home,182061,,,Seminary,58,58,For Sale,ALAMEDA
94621,78th Ave,1,2,Oakland,667 sqft,31-Dec-69,$0 ,37.755726,-122.18637,CA,Single-Family Home,118080,,,Fitchburg,63,63,For Sale,ALAMEDA
94603,101st Ave,1,3,Oakland,997 sqft,31-Dec-69,$0 ,37.743736,-122.16256,CA,Single-Family Home,185509,,,Iveywood,52,54,For Sale,ALAMEDA
94608,Hannah St,2,2,Oakland,843 sqft,31-Dec-69,$0 ,37.823807,-122.28692,CA,Single-Family Home,350181,,,Clawson,69,52,For Sale,ALAMEDA
94621,70th Ave,1,2,Oakland,912 sqft,31-Dec-69,$0 ,37.757053,-122.19455,CA,Single-Family Home,166113,,,Coliseum,54,69,For Sale,ALAMEDA
94601,Fairfax Ave,1,2,Oakland,"1,057 sqft",31-Dec-69,$0 ,37.780315,-122.20534,CA,Single-Family Home,223405,,,Jefferson,63,50,For Sale,ALAMEDA
94606,11th Ave,1,1,Oakland,705 sqft,31-Dec-69,$0 ,37.797573,-122.24009,CA,Single-Family Home,290362,,,Clinton,68,56,For Sale,ALAMEDA
94601,51st Ave,1,2,Oakland,"1,144 sqft",31-Dec-69,$0 ,37.77393,-122.20363,CA,Single-Family Home,250229,,,Fairfax,65,50,For Sale,ALAMEDA
94603,90th Ave,1,1,Oakland,751 sqft,31-Dec-69,$0 ,37.7492,-122.175896,CA,Single-Family Home,135467,,,Highland,60,49,For Sale,ALAMEDA
94605,Golf Links Rd,1,2,Oakland,"1,178 sqft",31-Dec-69,$0 ,37.762115,-122.162056,CA,Single-Family Home,241032,,,Oak Knoll Golf Links,43,48,For Sale,ALAMEDA
94603,E St,1,3,Oakland,744 sqft,31-Dec-69,$0 ,37.74262,-122.1774,CA,Single-Family Home,132030,,,Elmhurst Park,48,44,For Sale,ALAMEDA
94603,100th Ave,1,2,Oakland,750 sqft,31-Dec-69,$0 ,37.743496,-122.166435,CA,Single-Family Home,211722,,,Iveywood,55,54,For Sale,ALAMEDA
94607,Chester St,2,2,Oakland,742 sqft,31-Dec-69,$0 ,37.805073,-122.29618,CA,Single-Family Home,259091,,,South Prescott,68,65,For Sale,ALAMEDA
94621,81st Ave,2,3,Oakland,979 sqft,31-Dec-69,$0 ,37.7566,-122.17964,CA,Single-Family Home,170347,,,Arroyo Viejo,52,53,For Sale,ALAMEDA
94607,13th St,1,6,Oakland,"1,004 sqft",31-Dec-69,$0 ,37.812176,-122.29747,CA,Single-Family Home,257091,,,Prescott,75,58,For Sale,ALAMEDA
94607,17th St,1,2,Oakland,984 sqft,31-Dec-69,$0 ,37.813328,-122.29183,CA,Single-Family Home,238943,,,Prescott,80,58,For Sale,ALAMEDA
94607,Linden St,2,5,Oakland,"1,648 sqft",31-Dec-69,$0 ,37.81703,-122.281,CA,Multi-Family Home,340170,,,McClymonds,80,59,For Sale,ALAMEDA
94605,66th Ave,1,3,Oakland,"1,239 sqft",31-Dec-69,$0 ,37.76693,-122.18653,CA,Single-Family Home,300000,,,Havenscourt,58,55,For Sale,ALAMEDA
94609,44th St,1,2,Oakland,"1,164 sqft",31-Dec-69,$0 ,37.8325,-122.26077,CA,Single-Family Home,409000,,,Temescal,89,69,For Sale,ALAMEDA
94601,Harrington Ave,1,2,Oakland,"1,040 sqft",31-Dec-69,$0 ,37.781315,-122.21578,CA,Single-Family Home,288750,,,Harrington,69,63,For Sale,ALAMEDA
94605,Edwards Ave,1,2,Oakland,"1,017 sqft",31-Dec-69,$0 ,37.775425,-122.16562,CA,Single-Family Home,313072,,,Millsmont,37,47,For Sale,ALAMEDA
94603,106th Ave,1,2,Oakland,"1,246 sqft",31-Dec-69,$0 ,37.73583,-122.17222,CA,Single-Family Home,228861,,,North Stonehurst,51,45,For Sale,ALAMEDA
94621,Alder St,1,2,Oakland,992 sqft,31-Dec-69,$0 ,37.75832,-122.18121,CA,Single-Family Home,187750,,,Arroyo Viejo,55,57,For Sale,ALAMEDA
94605,Canyon Oaks Dr,2,2,Oakland,"1,123 sqft",31-Dec-69,$0 ,37.775436,-122.14556,CA,Single-Family Home,324039,,,Sequoyah,29,21,For Sale,ALAMEDA
94603,Breed Ave,1,2,Oakland,"1,000 sqft",31-Dec-69,$0 ,37.73848,-122.16163,CA,Single-Family Home,229337,,,East 14th Street Business District,58,53,For Sale,ALAMEDA
94603,Plymouth St,1,2,Oakland,887 sqft,31-Dec-69,$0 ,37.748096,-122.16885,CA,Single-Family Home,223276,,,Cox,55,53,For Sale,ALAMEDA
94606,E 27th St,2,3,Oakland,"1,117 sqft",31-Dec-69,$0 ,37.797783,-122.23495,CA,Single-Family Home,296102,,,Highland Park,66,55,For Sale,ALAMEDA
94603,Robledo Dr,2,3,Oakland,"1,190 sqft",31-Dec-69,$0 ,37.73007,-122.17364,CA,Single-Family Home,226239,,,,43,48,For Sale,ALAMEDA
94607,Ninth St #528,1,1,Oakland,966 sqft,31-Dec-69,$0 ,37.797386,-122.264442,CA,Unspecified,318193,,,,,,For Sale,ALAMEDA
94601,Davis St,2,3,Oakland,"1,010 sqft",31-Dec-69,$0 ,37.78523,-122.21313,CA,Single-Family Home,291661,,,Harrington,63,50,For Sale,ALAMEDA
94621,88th Ave,1,2,Oakland,990 sqft,31-Dec-69,$0 ,37.754635,-122.16764,CA,Single-Family Home,193531,,,Webster,48,53,For Sale,ALAMEDA
94603,C St,2,3,Oakland,"1,609 sqft",31-Dec-69,$0 ,37.741943,-122.174484,CA,Multi-Family Home,259091,,,Elmhurst Park,63,46,For Sale,ALAMEDA
94605,72nd Ave,2,4,Oakland,"1,934 sqft",31-Dec-69,$0 ,37.77025,-122.17227,CA,Multi-Family Home,378257,,,Millsmont,66,55,For Sale,ALAMEDA
94607,Linden St,,6,Oakland,,31-Dec-69,$0 ,37.813408,-122.28245,CA,Multi-Family Home,30000,,,Ralph Bunche,82,62,For Sale,ALAMEDA
94611,Pearl St,,,Oakland,,31-Dec-69,$0 ,37.81765,-122.25558,CA,Condo,254595,,,Oakland Ave/Harrison St,77,58,For Sale,ALAMEDA
94605,Rilea Way #4,,,Oakland,,31-Dec-69,$0 ,37.7713,-122.15096,CA,Condo,234034,,,Sequoyah,35,24,For Sale,ALAMEDA
94605,Old Quarry Loop,,,Oakland,,31-Dec-69,$0 ,37.77877,-122.16627,CA,Condo,272800,,,Caballo Hills,26,40,For Sale,ALAMEDA
94608,Louise St,,,Oakland,,31-Dec-69,$0 ,37.82526,-122.28507,CA,Condo,185947,,,Clawson,74,53,For Sale,ALAMEDA
94601,40th Ave,,2,Oakland,,31-Dec-69,$0 ,37.781246,-122.21013,CA,Condo,213029,,,Jefferson,60,55,For Sale,ALAMEDA
94611,Pleasant Valley Ave,6,,Oakland,,31-Dec-69,$0 ,37.833633,-122.25059,CA,Condo,218224,,,Rockridge,91,55,For Sale,ALAMEDA
94609,59th St #4,,,Oakland,,31-Dec-69,$0 ,37.844303,-122.269844,CA,Condo,183251,,,Bushrod,83,60,For Sale,ALAMEDA
94612,Madison St,,,Oakland,,31-Dec-69,$0 ,37.801773,-122.26389,CA,Condo,242790,,,Lakeside,92,83,For Sale,ALAMEDA
94606,Embarcadero Cv #329,,,Oakland,,31-Dec-69,$0 ,37.782955,-122.2431,CA,Condo,230541,,,East Peralta,77,54,For Sale,ALAMEDA
94611,Westover Dr,2,4,Oakland,"1,984 sqft",31-Dec-69,$0 ,37.82934,-122.19816,CA,Single-Family Home,668380,,,Piedmont Pines,40,28,For Sale,ALAMEDA
94608,Adeline St,1,2,Oakland,"1,347 sqft",31-Dec-69,$0 ,37.842014,-122.27415,CA,Single-Family Home,405000,,,Santa Fe,78,56,For Sale,ALAMEDA
94606,Wakefield Ave,4,8,Oakland,"3,685 sqft",31-Dec-69,$0 ,37.792576,-122.22858,CA,Multi-Family Home,624982,,,Highland Terrace,40,56,For Sale,ALAMEDA
94610,Park Boulevard Way,,,Oakland,,31-Dec-69,$0 ,37.805187,-122.230865,CA,Condo,436449,,,Trestle Glen,74,54,For Sale,ALAMEDA
94606,Wakefield Ave,2,2,Oakland,"1,649 sqft",31-Dec-69,$0 ,37.7938,-122.22903,CA,Multi-Family Home,336702,,,Highland Terrace,49,56,For Sale,ALAMEDA
94605,Millsbrae Ave,1,2,Oakland,"1,418 sqft",31-Dec-69,$0 ,37.775394,-122.18656,CA,Single-Family Home,337538,,,Frick,58,52,For Sale,ALAMEDA
94605,Majestic Ave,2,3,Oakland,"1,363 sqft",31-Dec-69,$0 ,37.77911,-122.1797,CA,Condo,383925,,,Millsmont,63,47,For Sale,ALAMEDA
94605,Old Quarry Loop,3,2,Oakland,"1,596 sqft",31-Dec-69,$0 ,37.77908,-122.16587,CA,Condo,377000,,,Caballo Hills,25,40,For Sale,ALAMEDA
94601,Foothill Blvd,1,3,Oakland,"1,271 sqft",31-Dec-69,$0 ,37.77803,-122.215576,CA,Single-Family Home,300509,,,Jefferson,74,68,For Sale,ALAMEDA
94606,Athol Ave,5,5,Oakland,"3,856 sqft",31-Dec-69,$0 ,37.800663,-122.25108,CA,Multi-Family Home,664578,,,Cleveland Heights,82,66,For Sale,ALAMEDA
94605,Outlook Ave,3,3,Oakland,"1,305 sqft",31-Dec-69,$0 ,37.77688,-122.1777,CA,Single-Family Home,349698,,,Millsmont,49,48,For Sale,ALAMEDA
94621,86th Ave,2,2,Oakland,"1,708 sqft",31-Dec-69,$0 ,37.74842,-122.18497,CA,Multi-Family Home,249977,,,Highland,66,56,For Sale,ALAMEDA
94619,Morcom Ave,1,3,Oakland,"1,170 sqft",31-Dec-69,$0 ,37.778786,-122.19049,CA,Single-Family Home,447090,,,Maxwell Park,49,50,For Sale,ALAMEDA
94601,Fairfax Ave,1,2,Oakland,960 sqft,31-Dec-69,$0 ,37.779533,-122.204445,CA,Single-Family Home,308417,,,Fairfax,60,50,For Sale,ALAMEDA
94605,Ney Ave,1,3,Oakland,"1,433 sqft",31-Dec-69,$0 ,37.767452,-122.16739,CA,Single-Family Home,347026,,,Eastmont Hills,58,54,For Sale,ALAMEDA
94603,Hazelwood Ct,1,2,Oakland,"1,104 sqft",31-Dec-69,$0 ,37.73645,-122.18561,CA,Single-Family Home,238123,,,Brookfield Village,68,40,For Sale,ALAMEDA
94603,107th Ave,1,2,Oakland,"1,209 sqft",31-Dec-69,$0 ,37.7402,-122.15899,CA,Single-Family Home,241968,,,Durant Manor,62,53,For Sale,ALAMEDA
94609,W Macarthur Blvd,5,6,Oakland,"3,665 sqft",31-Dec-69,$0 ,37.825977,-122.26432,CA,Multi-Family Home,822133,,,Mosswood,91,73,For Sale,ALAMEDA
94603,109th Ave,1,2,Oakland,"1,033 sqft",31-Dec-69,$0 ,37.74043,-122.15289,CA,Single-Family Home,236927,,,Las Palmas,71,51,For Sale,ALAMEDA
94606,Wakefield Ave,2,2,Oakland,"1,649 sqft",31-Dec-69,$0 ,37.7938,-122.22903,CA,Multi-Family Home,336702,,,Highland Terrace,49,56,For Sale,ALAMEDA
94605,Millsbrae Ave,1,2,Oakland,"1,418 sqft",31-Dec-69,$0 ,37.775394,-122.18656,CA,Single-Family Home,337538,,,Frick,58,52,For Sale,ALAMEDA
94605,Majestic Ave,2,3,Oakland,"1,363 sqft",31-Dec-69,$0 ,37.77911,-122.1797,CA,Condo,383925,,,Millsmont,63,47,For Sale,ALAMEDA
94605,Old Quarry Loop,3,2,Oakland,"1,596 sqft",31-Dec-69,$0 ,37.77908,-122.16587,CA,Condo,377000,,,Caballo Hills,25,40,For Sale,ALAMEDA
94601,Foothill Blvd,1,3,Oakland,"1,271 sqft",31-Dec-69,$0 ,37.77803,-122.215576,CA,Single-Family Home,300509,,,Jefferson,74,68,For Sale,ALAMEDA
94606,Athol Ave,5,5,Oakland,"3,856 sqft",31-Dec-69,$0 ,37.800663,-122.25108,CA,Multi-Family Home,664578,,,Cleveland Heights,82,66,For Sale,ALAMEDA
94605,Outlook Ave,3,3,Oakland,"1,305 sqft",31-Dec-69,$0 ,37.77688,-122.1777,CA,Single-Family Home,349698,,,Millsmont,49,48,For Sale,ALAMEDA
94621,86th Ave,2,2,Oakland,"1,708 sqft",31-Dec-69,$0 ,37.74842,-122.18497,CA,Multi-Family Home,249977,,,Highland,66,56,For Sale,ALAMEDA
94619,Morcom Ave,1,3,Oakland,"1,170 sqft",31-Dec-69,$0 ,37.778786,-122.19049,CA,Single-Family Home,447090,,,Maxwell Park,49,50,For Sale,ALAMEDA
94601,Fairfax Ave,1,2,Oakland,960 sqft,31-Dec-69,$0 ,37.779533,-122.204445,CA,Single-Family Home,308417,,,Fairfax,60,50,For Sale,ALAMEDA
94605,Ney Ave,1,3,Oakland,"1,433 sqft",31-Dec-69,$0 ,37.767452,-122.16739,CA,Single-Family Home,347026,,,Eastmont Hills,58,54,For Sale,ALAMEDA
94603,Hazelwood Ct,1,2,Oakland,"1,104 sqft",31-Dec-69,$0 ,37.73645,-122.18561,CA,Single-Family Home,238123,,,Brookfield Village,68,40,For Sale,ALAMEDA
94603,107th Ave,1,2,Oakland,"1,209 sqft",31-Dec-69,$0 ,37.7402,-122.15899,CA,Single-Family Home,241968,,,Durant Manor,62,53,For Sale,ALAMEDA
94609,W Macarthur Blvd,5,6,Oakland,"3,665 sqft",31-Dec-69,$0 ,37.825977,-122.26432,CA,Multi-Family Home,822133,,,Mosswood,91,73,For Sale,ALAMEDA
94603,109th Ave,1,2,Oakland,"1,033 sqft",31-Dec-69,$0 ,37.74043,-122.15289,CA,Single-Family Home,236927,,,Las Palmas,71,51,For Sale,ALAMEDA
94607,2nd St #411,1,1,Oakland,739 sqft,31-Dec-69,$0 ,37.793865,-122.2708,CA,Condo,420006,,,Produce and Waterfront,94,80,For Sale,ALAMEDA
94601,Glascock St #115,2,2,Oakland,"1,133 sqft",31-Dec-69,$0 ,37.770893,-122.231064,CA,Condo,426953,,,South Kennedy Tract,86,69,For Sale,ALAMEDA
94601,Glascock St,2,3,Oakland,"1,581 sqft",31-Dec-69,$0 ,37.772057,-122.23366,CA,Condo,375000,,,South Kennedy Tract,85,66,For Sale,ALAMEDA
94601,Glascock St,3,3,Oakland,"1,993 sqft",31-Dec-69,$0 ,37.772057,-122.23366,CA,Condo,400000,,,South Kennedy Tract,85,66,For Sale,ALAMEDA
94612,Lakeside Dr #1402,2,2,Oakland,"1,341 sqft",31-Dec-69,$0 ,37.8045,-122.26114,CA,Condo,653848,,,,86,79,For Sale,ALAMEDA
94607,Wood St,2,6,Oakland,"1,936 sqft",31-Dec-69,$0 ,37.81011,-122.30034,CA,Multi-Family Home,470026,,,Prescott,69,59,For Sale,ALAMEDA
94608,San Pablo Ave,2,2,Oakland,"1,528 sqft",31-Dec-69,$0 ,37.848755,-122.28563,CA,Condo,551774,,,Paradise Park,86,49,For Sale,ALAMEDA
94603,Chandler St,3,3,Oakland,"1,575 sqft",31-Dec-69,$0 ,37.738262,-122.1629,CA,Condo,386613,,,East 14th Street Business District,52,53,For Sale,ALAMEDA
94609,41st St #A,1,2,Oakland,"1,156 sqft",31-Dec-69,$0 ,37.82967,-122.262474,CA,Condo,540611,,,Temescal,85,71,For Sale,ALAMEDA
94619,Harbor View Ave,,,Oakland,,31-Dec-69,$0 ,37.792812,-122.18818,CA,Unspecified,136550,,,Redwood Heights,66,46,For Sale,ALAMEDA
94605,87th Ave,,,Oakland,,31-Dec-69,$0 ,37.75664,-122.16533,CA,Single-Family Home,97000,,,Castlemont,54,51,For Sale,ALAMEDA
94608,55th St,,,Oakland,,31-Dec-69,$0 ,37.839252,-122.27671,CA,Single-Family Home,172694,,,Gaskill,78,60,For Sale,ALAMEDA
94603,C St,,,Oakland,,31-Dec-69,$0 ,37.74197,-122.1745,CA,Unspecified,113600,,,Elmhurst Park,60,46,For Sale,ALAMEDA
94621,87th Ave,,,Oakland,,31-Dec-69,$0 ,37.74894,-122.18199,CA,Unspecified,34000,,,Highland,66,51,For Sale,ALAMEDA
94605,Bancroft Ave,,,Oakland,,31-Dec-69,$0 ,37.75728,-122.16864,CA,Unspecified,115419,,,Castlemont,74,55,For Sale,ALAMEDA
94601,37th Ave #F1,,,Oakland,,31-Dec-69,$0 ,37.776203,-122.22008,CA,Unspecified,153000,,,Saint Elizabeth,85,73,For Sale,ALAMEDA
94606,E 18th St,,,Oakland,,31-Dec-69,$0 ,37.792362,-122.24323,CA,Unspecified,10000,,,Clinton,66,58,For Sale,ALAMEDA
94606,E 18th St,,,Oakland,,31-Dec-69,$0 ,37.792355,-122.243225,CA,Unspecified,10000,,,Clinton,66,58,For Sale,ALAMEDA
94606,E 18th St #A,,,Oakland,,31-Dec-69,$0 ,37.79234,-122.2432,CA,Unspecified,10000,,,Clinton,75,56,For Sale,ALAMEDA
94606,E 18th St #B,,,Oakland,,31-Dec-69,$0 ,37.79234,-122.2432,CA,Unspecified,10000,,,Clinton,65,56,For Sale,ALAMEDA
94607,Oak St #806,1,1,Oakland,,31-Dec-69,$0 ,37.79374,-122.26744,CA,Unspecified,151000,,,Produce and Waterfront,91,81,For Sale,ALAMEDA
94621,55th Ave,,,Oakland,,31-Dec-69,$0 ,37.767307,-122.203285,CA,Unspecified,92248,,,East 14th Street Business District,71,51,For Sale,ALAMEDA
94621,76th Ave,,,Oakland,,31-Dec-69,$0 ,37.75724,-122.18622,CA,Unspecified,100840,,,Fitchburg,48,61,For Sale,ALAMEDA
94618,Tunnel Rd,,,Oakland,,31-Dec-69,$0 ,37.85122,-122.2328,CA,Single-Family Home,73945,,,Hiller Highlands,38,20,For Sale,ALAMEDA
94621,Auseon Ave,,,Oakland,,31-Dec-69,$0 ,37.75392,-122.172615,CA,Unspecified,98900,,,Webster,51,53,For Sale,ALAMEDA
94621,76th Ave,2,2,Oakland,,31-Dec-69,$0 ,37.751371,-122.195295,CA,Unspecified,100840,,,,55,59,For Sale,ALAMEDA
94601,E 14th St,,,Oakland,,31-Dec-69,$0 ,37.783206,-122.235602,CA,Unspecified,20000,,,,86,73,For Sale,ALAMEDA
94610,Park Blvd Way A,,,Oakland,,31-Dec-69,$0 ,37.80521,-122.23084,CA,Unspecified,148600,,,Trestle Glen,74,54,For Sale,ALAMEDA
94601,Bancroft Ave,,,Oakland,,31-Dec-69,$0 ,37.771717,-122.208046,CA,Single-Family Home,144000,,,Fremont,74,55,For Sale,ALAMEDA
94610,Park Blvd Way B,,,Oakland,,31-Dec-69,$0 ,37.80521,-122.23084,CA,Unspecified,186536,,,Trestle Glen,74,54,For Sale,ALAMEDA
94611,Pleasant V Alley A Venue 217,,,Oakland,,31-Dec-69,$0 ,37.83386,-122.25123,CA,Unspecified,7522,,,Piedmont Avenue,94,59,For Sale,ALAMEDA
94601,52nd Ave,,,Oakland,,31-Dec-69,$0 ,37.764996,-122.211246,CA,Unspecified,96000,,,,72,51,For Sale,ALAMEDA
94603,Chandler St #60,,,Oakland,,31-Dec-69,$0 ,37.737793,-122.16386,CA,Unspecified,102600,,,East 14th Street Business District,51,51,For Sale,ALAMEDA
94621,Rudsdale St,,,Oakland,,31-Dec-69,$0 ,37.7574,-122.18815,CA,Unspecified,46888,,,Fitchburg,57,64,For Sale,ALAMEDA
94607,Chester St,,,Oakland,,31-Dec-69,$0 ,37.803621,-122.296754,CA,Unspecified,156100,,,,71,64,For Sale,ALAMEDA
94609,Martin Luther King Jr Way,,,Oakland,,31-Dec-69,$0 ,37.796664,-122.281924,CA,Unspecified,170000,,,,75,70,For Sale,ALAMEDA
94609,Martin Luther King Jr Way,,,Oakland,,31-Dec-69,$0 ,37.796664,-122.281924,CA,Unspecified,170000,,,,75,70,For Sale,ALAMEDA
94611,Westover Dr,,,Oakland,,31-Dec-69,$0 ,37.83116,-122.19501,CA,Single-Family Home,47500,,,Sheperd Canyon,31,18,For Sale,ALAMEDA
94605,Palm Villa Ct,,,Oakland,,31-Dec-69,$0 ,37.75405,-122.16143,CA,Unspecified,132560,,,Castlemont,48,51,For Sale,ALAMEDA
94608,West St,,,Oakland,,31-Dec-69,$0 ,37.818172,-122.274017,CA,Unspecified,159694,,,,74,73,For Sale,ALAMEDA
94601,E 9th St,,,Oakland,,31-Dec-69,$0 ,37.77738,-122.23508,CA,Single-Family Home,166500,,,North Kennedy Tract,78,67,For Sale,ALAMEDA
94607,1 Jefferson St,,,Oakland,,31-Dec-69,$0 ,37.79641,-122.28082,CA,Unspecified,135450,,,Produce and Waterfront,94,73,For Sale,ALAMEDA
94611,Fairmount Ave #420,,,Oakland,,31-Dec-69,$0 ,37.815796,-122.25973,CA,Unspecified,116059,,,Oakland Ave/Harrison St,78,64,For Sale,ALAMEDA
94605,73rd Ave,,,Oakland,,31-Dec-69,$0 ,37.76835,-122.17311,CA,Unspecified,97750,,,Bancroft Business,74,55,For Sale,ALAMEDA
94603,International Blvd,,,Oakland,,31-Dec-69,$0 ,37.748093,-122.17341,CA,Unspecified,41205,,,East 14th Street Business District,62,51,For Sale,ALAMEDA
94603,International Blvd,,,Oakland,,31-Dec-69,$0 ,37.798593,-122.257043,CA,Unspecified,41205,,,,52,51,For Sale,ALAMEDA
94621,62nd Ave #F,1,2,Oakland,"1,079 sqft",31-Dec-69,$0 ,37.76698,-122.1929,CA,Single-Family Home,206849,,,Seminary,49,54,For Sale,ALAMEDA
94603,D St,,,Oakland,,31-Dec-69,$0 ,37.745506,-122.17836,CA,Unspecified,108225,,,Elmhurst Park,62,46,For Sale,ALAMEDA
94612,26th St,,,Oakland,,31-Dec-69,$0 ,37.81645,-122.272316,CA,Unspecified,120010,,,Hoover/Foster,82,71,For Sale,ALAMEDA
94607,Union St,,,Oakland,,31-Dec-69,$0 ,37.80237,-122.29109,CA,Unspecified,97000,,,Acorn Industrial,75,66,For Sale,ALAMEDA
94607,Magnolia St,,,Oakland,,31-Dec-69,$0 ,37.80265,-122.28981,CA,Unspecified,133708,,,Acorn Industrial,75,66,For Sale,ALAMEDA
94605,Macarthur Blvd,,,Oakland,,31-Dec-69,$0 ,37.76406,-122.166016,CA,Unspecified,134041,,,Eastmont Hills,62,52,For Sale,ALAMEDA
94602,Macarthur Blvd,,,Oakland,,31-Dec-69,$0 ,37.800139,-122.21532,CA,Unspecified,478300,,,,75,51,For Sale,ALAMEDA
94606,E 10th St #C,,,Oakland,,31-Dec-69,$0 ,37.790657,-122.25302,CA,Unspecified,262500,,,East Peralta,78,60,For Sale,ALAMEDA
94621,Alder St,,,Oakland,,31-Dec-69,$0 ,37.75816,-122.18105,CA,Unspecified,127154,,,Arroyo Viejo,55,56,For Sale,ALAMEDA
94603,D St,,,Oakland,,31-Dec-69,$0 ,37.74525,-122.1781,CA,Unspecified,203000,,,Elmhurst Park,58,46,For Sale,ALAMEDA
94609,40th St,,,Oakland,,31-Dec-69,$0 ,37.826455,-122.254958,CA,Unspecified,316148,,,,82,72,For Sale,ALAMEDA
94601,50th Ave,,,Oakland,,31-Dec-69,$0 ,37.762639,-122.215242,CA,Unspecified,172500,,,,72,54,For Sale,ALAMEDA
94621,57th Ave,,,Oakland,,31-Dec-69,$0 ,37.767372,-122.199745,CA,Unspecified,152200,,,Seminary,60,51,For Sale,ALAMEDA
94619,38th Ave,,,Oakland,,31-Dec-69,$0 ,37.78643,-122.20551,CA,Unspecified,227317,,,Allendale,68,49,For Sale,ALAMEDA
94619,38th Ave,,,Oakland,,31-Dec-69,$0 ,37.78638,-122.20561,CA,Unspecified,227317,,,Allendale,68,49,For Sale,ALAMEDA
94619,38th Ave,,,Oakland,,31-Dec-69,$0 ,37.78641,-122.20554,CA,Unspecified,227317,,,Allendale,71,49,For Sale,ALAMEDA
94621,Hamilton St,,,Oakland,,31-Dec-69,$0 ,37.75729,-122.191124,CA,Unspecified,125000,,,Coliseum,62,65,For Sale,ALAMEDA
94607,26th St,,,Oakland,,31-Dec-69,$0 ,37.817753,-122.27842,CA,Unspecified,158614,,,McClymonds,74,60,For Sale,ALAMEDA
94607,26th St,,,Oakland,,31-Dec-69,$0 ,37.817738,-122.27836,CA,Unspecified,158614,,,McClymonds,74,60,For Sale,ALAMEDA
94607,26th St,,,Oakland,,31-Dec-69,$0 ,37.817734,-122.27833,CA,Unspecified,158614,,,McClymonds,74,60,For Sale,ALAMEDA
94601,36th Ave,,,Oakland,,31-Dec-69,$0 ,37.779804,-122.21937,CA,Unspecified,169000,,,Saint Elizabeth,80,70,For Sale,ALAMEDA
94605,Brann St,,,Oakland,,31-Dec-69,$0 ,37.770924,-122.17998,CA,Unspecified,165168,,,Frick,74,55,For Sale,ALAMEDA
94603,C St,,,Oakland,,31-Dec-69,$0 ,37.74176,-122.17435,CA,Unspecified,207475,,,North Stonehurst,63,46,For Sale,ALAMEDA
94602,Montana St,,,Oakland,,31-Dec-69,$0 ,37.799084,-122.21776,CA,Unspecified,410573,,,Lower Dimond,88,56,For Sale,ALAMEDA
94611,Garland Ave,,,Oakland,,31-Dec-69,$0 ,37.817535,-122.25927,CA,Unspecified,286591,,,Oakland Ave/Harrison St,80,62,For Sale,ALAMEDA
94611,Garland Ave,,,Oakland,,31-Dec-69,$0 ,37.81757,-122.25933,CA,Unspecified,286591,,,Oakland Ave/Harrison St,80,62,For Sale,ALAMEDA
94606,18th Ave,,,Oakland,,31-Dec-69,$0 ,37.791344,-122.23796,CA,Unspecified,210000,,,Rancho San Antonio,65,54,For Sale,ALAMEDA
94612,Lakeside Dr #P2,,,Oakland,,31-Dec-69,$0 ,37.803173,-122.26154,CA,Unspecified,273000,,,,88,81,For Sale,ALAMEDA
94605,Mountain Blvd #40,,,Oakland,,31-Dec-69,$0 ,37.76432,-122.149475,CA,Unspecified,159351,,,Sequoyah,32,29,For Sale,ALAMEDA
94605,73 Rd Ave,,,Oakland,,31-Dec-69,$0 ,37.797926,-122.210252,CA,Unspecified,223200,,,,,,For Sale,ALAMEDA
94609,37th St,,,Oakland,,31-Dec-69,$0 ,37.82631,-122.269714,CA,Unspecified,332441,,,Mosswood,85,73,For Sale,ALAMEDA
94605,63rd Ave #1,,,Oakland,,31-Dec-69,$0 ,37.774464,-122.18078,CA,Unspecified,156659,,,Millsmont,71,54,For Sale,ALAMEDA
94605,75th Ave,,,Oakland,,31-Dec-69,$0 ,37.769474,-122.16964,CA,Unspecified,173909,,,Eastmont Hills,63,55,For Sale,ALAMEDA
94606,E 25th St,,,Oakland,,31-Dec-69,$0 ,37.796337,-122.23636,CA,Unspecified,290580,,,Highland Park,63,56,For Sale,ALAMEDA
94602,Rhoda Ave,,,Oakland,,31-Dec-69,$0 ,37.799625,-122.209045,CA,Unspecified,405000,,,Upper Dimond,82,54,For Sale,ALAMEDA
94605,Thermal St,,,Oakland,,31-Dec-69,$0 ,37.754387,-122.15976,CA,Unspecified,224258,,,Toler Heights,51,49,For Sale,ALAMEDA
94621,74th Ave,,,Oakland,,31-Dec-69,$0 ,37.760117,-122.184296,CA,Unspecified,130000,,,Arroyo Viejo,55,54,For Sale,ALAMEDA
94603,Tucker St,,,Oakland,,31-Dec-69,$0 ,37.73912,-122.16302,CA,Unspecified,114998,,,East 14th Street Business District,63,53,For Sale,ALAMEDA
94607,2nd St #208,,,Oakland,,31-Dec-69,$0 ,37.793865,-122.2708,CA,Unspecified,311894,,,Produce and Waterfront,94,80,For Sale,ALAMEDA
94619,35th Ave,,,Oakland,,31-Dec-69,$0 ,37.794994,-122.19838,CA,Unspecified,230100,,,Upper Dimond,83,50,For Sale,ALAMEDA
94609,Shattuck Ave,,,Oakland,,31-Dec-69,$0 ,37.834698,-122.26372,CA,Unspecified,392832,,,Temescal,91,69,For Sale,ALAMEDA
94605,82nd Ave,,,Oakland,,31-Dec-69,$0 ,37.762207,-122.16601,CA,Unspecified,269154,,,Eastmont,52,53,For Sale,ALAMEDA
94605,82nd Ave,,,Oakland,,31-Dec-69,$0 ,37.752571,-122.184932,CA,Unspecified,269154,,,,,,For Sale,ALAMEDA
94603,99th Ave,,,Oakland,,31-Dec-69,$0 ,37.744385,-122.166466,CA,Unspecified,114000,,,Iveywood,49,54,For Sale,ALAMEDA
94605,Bancroft Ave,,,Oakland,,31-Dec-69,$0 ,37.76937,-122.18114,CA,Unspecified,223340,,,Bancroft Business,74,55,For Sale,ALAMEDA
94605,Bancroft Ave,,,Oakland,,31-Dec-69,$0 ,37.768153,-122.178084,CA,Unspecified,223340,,,,63,53,For Sale,ALAMEDA
94607,26th St,,,Oakland,,31-Dec-69,$0 ,37.81774,-122.278786,CA,Unspecified,267700,,,McClymonds,69,51,For Sale,ALAMEDA
94611,Somerset Rd,1,2,Oakland,,31-Dec-69,$0 ,37.82025,-122.2091,CA,Unspecified,230700,,,Montclair,71,40,For Sale,ALAMEDA
94607,20th St,,,Oakland,,31-Dec-69,$0 ,37.812138,-122.27872,CA,Unspecified,234000,,,Ralph Bunche,86,,For Sale,ALAMEDA
94608,Adeline St #121,,,Oakland,,31-Dec-69,$0 ,37.822853,-122.28133,CA,Unspecified,310034,,,Clawson,68,60,For Sale,ALAMEDA
94607,20th St,,,Oakland,,31-Dec-69,$0 ,37.819283,-122.300703,CA,Unspecified,234000,,,,86,74,For Sale,ALAMEDA
94621,E 17th St,,,Oakland,,31-Dec-69,$0 ,37.76717,-122.19813,CA,Single-Family Home,120764,,,Seminary,60,52,For Sale,ALAMEDA
94607,Frankin St #1022,,,Oakland,,31-Dec-69,$0 ,37.79996,-122.27237,CA,Unspecified,300000,,,Chinatown,98,86,For Sale,ALAMEDA
94621,Weld St,,,Oakland,,31-Dec-69,$0 ,37.761017,-122.18036,CA,Single-Family Home,105393,,,Arroyo Viejo,52,57,For Sale,ALAMEDA
94619,35th Ave,,,Oakland,,31-Dec-69,$0 ,37.789764,-122.207405,CA,Unspecified,215000,,,Bartlett,65,52,For Sale,ALAMEDA
94609,Martin Luther King Jr Way,,,Oakland,,31-Dec-69,$0 ,37.81873,-122.271194,CA,Unspecified,371095,,,Hoover/Foster,89,69,For Sale,ALAMEDA
94606,13th Ave,,,Oakland,,31-Dec-69,$0 ,37.79064,-122.24596,CA,Unspecified,155000,,,Clinton,72,56,For Sale,ALAMEDA
94603,Chandler St,,,Oakland,,31-Dec-69,$0 ,37.738224,-122.16298,CA,Unspecified,136000,,,East 14th Street Business District,52,53,For Sale,ALAMEDA
94609,30th St #C100,,,Oakland,,31-Dec-69,$0 ,37.818893,-122.26407,CA,Unspecified,199000,,,Pill Hill,91,64,For Sale,ALAMEDA
94601,International Blvd,,,Oakland,,31-Dec-69,$0 ,37.736997,-122.165089,CA,Unspecified,200000,,,,,,For Sale,ALAMEDA
94611,1 Kelton Ct #3H,1,1,Oakland,,31-Dec-69,$0 ,37.824257,-122.25081,CA,Unspecified,177800,,,Piedmont Avenue,98,54,For Sale,ALAMEDA
94606,5th Aveune #10,,,Oakland,,31-Dec-69,$0 ,37.79909,-122.2491,CA,Unspecified,123000,,,Ivy Hill,78,62,For Sale,ALAMEDA
94608,West St,,,Oakland,,31-Dec-69,$0 ,37.821133,-122.27333,CA,Unspecified,225727,,,Hoover/Foster,74,68,For Sale,ALAMEDA
94618,Estates Dr,,,Oakland,,31-Dec-69,$0 ,37.834637,-122.21969,CA,Unspecified,596006,,,Upper Rockridge,45,28,For Sale,ALAMEDA
94621,Seminary Ave,,,Oakland,,31-Dec-69,$0 ,37.760917,-122.205507,CA,Unspecified,140000,,,,58,61,For Sale,ALAMEDA
94603,Plymouth St,,,Oakland,,31-Dec-69,$0 ,37.760287,-122.177624,CA,Unspecified,119850,,,,55,53,For Sale,ALAMEDA
94606,International Blvd,,,Oakland,,31-Dec-69,$0 ,37.798593,-122.257043,CA,Unspecified,279000,,,,78,69,For Sale,ALAMEDA
94607,12th St #403,,,Oakland,,31-Dec-69,$0 ,37.804962,-122.27726,CA,Unspecified,272214,,,Old City,92,82,For Sale,ALAMEDA
94605,Seminary Ave,,,Oakland,,31-Dec-69,$0 ,37.776091,-122.184783,CA,Unspecified,177300,,,,35,50,For Sale,ALAMEDA
94607,Oak St #809,,,Oakland,,31-Dec-69,$0 ,37.79374,-122.26744,CA,Unspecified,255510,,,Produce and Waterfront,91,81,For Sale,ALAMEDA
94601,35th Ave,2,4,Oakland,"1,814 sqft",31-Dec-69,$0 ,37.78531,-122.21496,CA,Single-Family Home,325263,,,Peralta Hacienda,71,57,For Sale,ALAMEDA
94611,Chambers Dr,1,1,Oakland,"1,020 sqft",31-Dec-69,$0 ,37.835865,-122.19883,CA,Single-Family Home,645000,,,Montclair,29,17,For Sale,ALAMEDA
94610,Montecito Ave,,,Oakland,,31-Dec-69,$0 ,37.812286,-122.25862,CA,Condo,262500,,,Adams Point,83,69,For Sale,ALAMEDA
94602,Cordova St,2,3,Oakland,"1,734 sqft",31-Dec-69,$0 ,37.796238,-122.21802,CA,Single-Family Home,569075,,,Sausal Creek,72,55,For Sale,ALAMEDA
94605,106th Ave,1,2,Oakland,"1,028 sqft",31-Dec-69,$0 ,37.743397,-122.15173,CA,Single-Family Home,360750,,,Foothill Square,65,49,For Sale,ALAMEDA
94609,Shattuck Ave,1,2,Oakland,"1,104 sqft",31-Dec-69,$0 ,37.84754,-122.26547,CA,Single-Family Home,470000,,,Bushrod,80,65,For Sale,ALAMEDA
94601,Logan St,1,3,Oakland,"1,185 sqft",31-Dec-69,$0 ,37.787964,-122.22188,CA,Single-Family Home,317323,,,Sausal Creek,60,54,For Sale,ALAMEDA
94605,Thermal St,,,Oakland,,31-Dec-69,$0 ,37.751125,-122.15845,CA,Unspecified,300000,,,Toler Heights,46,51,For Sale,ALAMEDA
94619,Meldon Ave,1,3,Oakland,"1,389 sqft",31-Dec-69,$0 ,37.783848,-122.19448,CA,Single-Family Home,465000,,,Maxwell Park,71,50,For Sale,ALAMEDA
94608,56th St,1,3,Oakland,"1,077 sqft",31-Dec-69,$0 ,37.839104,-122.28156,CA,Single-Family Home,441000,,,Gaskill,86,55,For Sale,ALAMEDA
94602,Wilshire Blvd,1,3,Oakland,"2,458 sqft",31-Dec-69,$0 ,37.80345,-122.201035,CA,Single-Family Home,684461,,,Lincoln Highlands,62,43,For Sale,ALAMEDA
94607,14th St,,,Oakland,"1,212 sqft",31-Dec-69,$0 ,37.81102,-122.29252,CA,Single-Family Home,391182,,,Prescott,83,63,For Sale,ALAMEDA
94603,101st Ave,2,3,Oakland,"1,146 sqft",31-Dec-69,$0 ,37.743103,-122.165016,CA,Single-Family Home,275000,,,Iveywood,52,54,For Sale,ALAMEDA
94603,Cary Ave,,,Oakland,744 sqft,31-Dec-69,$0 ,37.73344,-122.17996,CA,Single-Family Home,544185,,,Brookfield Village,54,38,For Sale,ALAMEDA
94605,Caloden St,2,3,Oakland,"1,326 sqft",31-Dec-69,$0 ,37.75183,-122.12633,CA,Single-Family Home,551581,,,Chabot Park,23,0,For Sale,ALAMEDA
94605,Mountain View Ave,2,3,Oakland,"2,280 sqft",31-Dec-69,$0 ,37.785393,-122.17411,CA,Single-Family Home,736000,,,Leona Heights,22,38,For Sale,ALAMEDA
94605,Sequoyah View Dr,3,3,Oakland,"2,719 sqft",31-Dec-69,$0 ,37.75976,-122.141136,CA,Single-Family Home,736029,,,Sequoyah,43,0,For Sale,ALAMEDA
94621,Weld St,2,4,Oakland,"1,610 sqft",31-Dec-69,$0 ,37.760494,-122.17975,CA,Single-Family Home,396000,,,Arroyo Viejo,52,57,For Sale,ALAMEDA
94605,Broadmoor Vw,2,2,Oakland,"1,675 sqft",31-Dec-69,$0 ,37.746593,-122.14611,CA,Single-Family Home,468733,,,Sequoyah,54,45,For Sale,ALAMEDA
94605,Field St,1,3,Oakland,"1,118 sqft",31-Dec-69,$0 ,37.77137,-122.16263,CA,Single-Family Home,456000,,,Eastmont Hills,40,48,For Sale,ALAMEDA
94601,Ruth Ave,1,2,Oakland,"1,046 sqft",31-Dec-69,$0 ,37.77346,-122.19568,CA,Single-Family Home,408800,,,Maxwell Park,57,48,For Sale,ALAMEDA
94603,Creekside Cir,2,2,Oakland,"1,089 sqft",31-Dec-69,$0 ,37.727234,-122.18132,CA,Single-Family Home,292000,,,Brookfield Village,48,34,For Sale,ALAMEDA
94621,82nd Ave,2,2,Oakland,856 sqft,31-Dec-69,$0 ,37.757244,-122.17625,CA,Single-Family Home,400000,,,Arroyo Viejo,62,54,For Sale,ALAMEDA
94608,W Macarthur Blvd,2,3,Oakland,"1,412 sqft",31-Dec-69,$0 ,37.82832,-122.27732,CA,Single-Family Home,510255,,,Longfellow,68,68,For Sale,ALAMEDA
94605,Blandon Rd,2,4,Oakland,"1,638 sqft",31-Dec-69,$0 ,37.760925,-122.15627,CA,Single-Family Home,480000,,,Oak Knoll Golf Links,37,42,For Sale,ALAMEDA
94603,109th Ave,2,4,Oakland,"2,250 sqft",31-Dec-69,$0 ,37.739307,-122.15688,CA,Single-Family Home,404289,,,Durant Manor,57,53,For Sale,ALAMEDA
94610,Grosvenor Pl,2,2,Oakland,"1,423 sqft",31-Dec-69,$0 ,37.807457,-122.23099,CA,Single-Family Home,792000,,,Trestle Glen,72,53,For Sale,ALAMEDA
94605,Oliver Ave,1,2,Oakland,"1,339 sqft",31-Dec-69,$0 ,37.746525,-122.15403,CA,Single-Family Home,424000,,,Foothill Square,54,51,For Sale,ALAMEDA
94605,Outlook Ave,,,Oakland,,31-Dec-69,$0 ,37.77459,-122.174484,CA,Unspecified,367734,,,Millsmont,60,53,For Sale,ALAMEDA
94611,Harrison St,,,Oakland,,31-Dec-69,$0 ,37.818714,-122.25529,CA,Unspecified,728000,,,Oakland Ave/Harrison St,74,58,For Sale,ALAMEDA
94601,27th Ave,,,Oakland,,31-Dec-69,$0 ,37.78339,-122.22902,CA,Unspecified,416000,,,Oak Tree,66,66,For Sale,ALAMEDA
94601,27th Ave,,,Oakland,,31-Dec-69,$0 ,37.783356,-122.22905,CA,Unspecified,416000,,,Oak Tree,66,66,For Sale,ALAMEDA
94603,101st Ave,,,Oakland,,31-Dec-69,$0 ,37.743042,-122.16507,CA,Unspecified,275000,,,Iveywood,52,54,For Sale,ALAMEDA
94603,Springfield St,1,2,Oakland,910 sqft,31-Dec-69,$0 ,37.748524,-122.160515,CA,Single-Family Home,244682,,,Las Palmas,49,52,For Sale,ALAMEDA
94606,E 23rd St,,,Oakland,,31-Dec-69,$0 ,37.800614,-122.244293,CA,Unspecified,270000,,,,71,60,For Sale,ALAMEDA
94605,Seminary Ave,,,Oakland,,31-Dec-69,$0 ,37.770115,-122.19244,CA,Unspecified,177300,,,Bancroft Business,62,55,For Sale,ALAMEDA
94608,Union St,,,Oakland,,31-Dec-69,$0 ,37.823013,-122.28355,CA,Unspecified,231000,,,Clawson,77,57,For Sale,ALAMEDA
94608,Louise St,,,Oakland,,31-Dec-69,$0 ,37.82491,-122.28495,CA,Unspecified,284580,,,Clawson,71,55,For Sale,ALAMEDA
94621,86th Ave,,,Oakland,,31-Dec-69,$0 ,37.749584,-122.18292,CA,Single-Family Home,130500,,,Highland,65,50,For Sale,ALAMEDA
94601,Renwick St,,,Oakland,,31-Dec-69,$0 ,37.77868,-122.20135,CA,Unspecified,261961,,,Fairfax,62,50,For Sale,ALAMEDA
94621,86th Ave,,,Oakland,,31-Dec-69,$0 ,37.749584,-122.18292,CA,Single-Family Home,130500,,,Highland,65,50,For Sale,ALAMEDA
94608,55th St #1074,,,Oakland,,31-Dec-69,$0 ,37.83853,-122.28097,CA,Unspecified,289000,,,Gaskill,91,56,For Sale,ALAMEDA
94618,James Ave,,,Oakland,,31-Dec-69,$0 ,37.837583,-122.254466,CA,Unspecified,513000,,,,85,62,For Sale,ALAMEDA
94619,Penniman Ave,,,Oakland,,31-Dec-69,$0 ,37.78903,-122.20566,CA,Single-Family Home,290700,,,Allendale,78,51,For Sale,ALAMEDA
94605,Canyon Oaks Dr #E236,,,Oakland,,31-Dec-69,$0 ,37.773994,-122.14538,CA,Unspecified,171900,,,Sequoyah,34,22,For Sale,ALAMEDA
94611,Kingston Ave #305,,,Oakland,,31-Dec-69,$0 ,37.823307,-122.24969,CA,Unspecified,169343,,,,95,52,For Sale,ALAMEDA
94607,Embarcadero W #354,,,Oakland,,31-Dec-69,$0 ,37.79303,-122.27108,CA,Unspecified,174134,,,Produce and Waterfront,89,77,For Sale,ALAMEDA
94609,Martin Luther King Jr Way,,,Oakland,,31-Dec-69,$0 ,37.833748,-122.26746,CA,Unspecified,324423,,,Temescal,75,72,For Sale,ALAMEDA
94606,18th Ave,,,Oakland,,31-Dec-69,$0 ,37.78969,-122.23959,CA,Unspecified,186300,,,Rancho San Antonio,71,54,For Sale,ALAMEDA
94607,Peralta Street-1320,,,Oakland,,31-Dec-69,$0 ,37.81103,-122.29419,CA,Single-Family Home,162000,,,Prescott,74,63,For Sale,ALAMEDA
94602,Whittle Ave,,,Oakland,,31-Dec-69,$0 ,37.803474,-122.213193,CA,Unspecified,372066,,,,,,For Sale,ALAMEDA
94605,62nd Ave A,,,Oakland,,31-Dec-69,$0 ,37.767426,-122.19235,CA,Unspecified,283121,,,Seminary,49,57,For Sale,ALAMEDA
94603,92nd Ave,,,Oakland,,31-Dec-69,$0 ,37.746513,-122.17787,CA,Unspecified,117000,,,Highland,57,45,For Sale,ALAMEDA
94601,Mitchell St,,,Oakland,,31-Dec-69,$0 ,37.78544,-122.22595,CA,Unspecified,259141,,,Meadow Brook,71,65,For Sale,ALAMEDA
94608,West St,,,Oakland,,31-Dec-69,$0 ,37.818172,-122.274017,CA,Unspecified,192600,,,,74,73,For Sale,ALAMEDA
94608,West St,,,Oakland,,31-Dec-69,$0 ,37.818172,-122.274017,CA,Unspecified,341499,,,,74,73,For Sale,ALAMEDA
94607,14th St,,,Oakland,,31-Dec-69,$0 ,37.809406,-122.2851,CA,Unspecified,168000,,,Oak Center,75,71,For Sale,ALAMEDA
94605,68th Ave,,,Oakland,,31-Dec-69,$0 ,37.769012,-122.17944,CA,Unspecified,198000,,,Bancroft Business,69,57,For Sale,ALAMEDA
94603,Pontiac St,,,Oakland,,31-Dec-69,$0 ,37.738754,-122.16736,CA,Unspecified,130000,,,East 14th Street Business District,51,51,For Sale,ALAMEDA
94610,Crestcent St #202,,,Oakland,,31-Dec-69,$0 ,37.8137,-122.24986,CA,Unspecified,300246,,,Grand Lake,95,50,For Sale,ALAMEDA
94605,Macarthur Blvd,,,Oakland,,31-Dec-69,$0 ,37.749035,-122.15824,CA,Unspecified,264901,,,Toler Heights,48,52,For Sale,ALAMEDA
94601,45th St,,,Oakland,,31-Dec-69,$0 ,37.767331,-122.218373,CA,Unspecified,177046,,,,,,For Sale,ALAMEDA
94601,Fruitvale Ave,,,Oakland,,31-Dec-69,$0 ,37.79274,-122.219124,CA,Single-Family Home,229500,,,Sausal Creek,62,56,For Sale,ALAMEDA
94605,Canyon Oaks Dr F,,,Oakland,,31-Dec-69,$0 ,37.772793,-122.147415,CA,Unspecified,195750,,,Sequoyah,31,22,For Sale,ALAMEDA
94619,Macarthur Blvd,,,Oakland,,31-Dec-69,$0 ,37.780437,-122.18711,CA,Unspecified,202500,,,Mills College,48,51,For Sale,ALAMEDA
94601,Ygnacio Ave,,,Oakland,,31-Dec-69,$0 ,37.773476,-122.198,CA,Unspecified,197100,,,Fairfax,63,53,For Sale,ALAMEDA
94619,Macarthur Blvd,,,Oakland,,31-Dec-69,$0 ,37.780346,-122.18714,CA,Unspecified,202500,,,Mills College,48,51,For Sale,ALAMEDA
94611,Harrison St,,,Oakland,,31-Dec-69,$0 ,37.793543,-122.273419,CA,Unspecified,266325,,,,75,57,For Sale,ALAMEDA
94607,Oak St #PH21,,,Oakland,,31-Dec-69,$0 ,37.793842,-122.26738,CA,Unspecified,269853,,,Produce and Waterfront,91,81,For Sale,ALAMEDA
94606,Hadodn Rd #1,,,Oakland,,31-Dec-69,$0 ,37.801731,-122.247282,CA,Unspecified,83000,,,,,,For Sale,ALAMEDA
94606,Haddon Rd #1,,,Oakland,,31-Dec-69,$0 ,37.802067,-122.247444,CA,Unspecified,83000,,,Cleveland Heights,86,61,For Sale,ALAMEDA
94611,Croxton Ave,2,2,Oakland,,31-Dec-69,$0 ,37.821593,-122.259401,CA,Unspecified,484227,,,,85,64,For Sale,ALAMEDA
94612,1904 Franklin St #407,,,Oakland,,31-Dec-69,$0 ,37.80732,-122.26734,CA,Unspecified,177300,,,Downtown,97,83,For Sale,ALAMEDA
94621,Rudsdale St,,,Oakland,,31-Dec-69,$0 ,37.75844,-122.18935,CA,Unspecified,120000,,,Coliseum,54,65,For Sale,ALAMEDA
94609,60th St,,,Oakland,,31-Dec-69,$0 ,37.847068,-122.254227,CA,Unspecified,391500,,,,,,For Sale,ALAMEDA
94601,53rd Ave,,,Oakland,,31-Dec-69,$0 ,37.764393,-122.21082,CA,Single-Family Home,193063,,,Melrose,71,44,For Sale,ALAMEDA
94611,Harrison St,,,Oakland,,31-Dec-69,$0 ,37.793543,-122.273419,CA,Unspecified,266325,,,,77,66,For Sale,ALAMEDA
94609,Alcatraz Ave,,,Oakland,,31-Dec-69,$0 ,37.851168,-122.253148,CA,Unspecified,299250,,,,94,66,For Sale,ALAMEDA
94601,50th Ave,,,Oakland,,31-Dec-69,$0 ,37.762639,-122.215242,CA,Unspecified,175500,,,,,,For Sale,ALAMEDA
94611,Sayre Dr,,,Oakland,,31-Dec-69,$0 ,37.834454,-122.19716,CA,Single-Family Home,180975,,,Montclair,37,20,For Sale,ALAMEDA
94605,Canyon Oaks Dr,,,Oakland,,31-Dec-69,$0 ,37.77387,-122.14561,CA,Single-Family Home,257570,,,Sequoyah,34,22,For Sale,ALAMEDA
94612,22nd St #B209,,,Oakland,,31-Dec-69,$0 ,37.811523,-122.271935,CA,Unspecified,276146,,,San Pablo Gateway,89,77,For Sale,ALAMEDA
94610,Park Blvd,,,Oakland,,31-Dec-69,$0 ,37.80449,-122.23039,CA,Single-Family Home,282221,,,Glenview,74,54,For Sale,ALAMEDA
94607,Oak St #24,,,Oakland,,31-Dec-69,$0 ,37.79374,-122.26744,CA,Unspecified,260550,,,Produce and Waterfront,91,81,For Sale,ALAMEDA
94608,Powell St,,,Oakland,,31-Dec-69,$0 ,37.8405,-122.284325,CA,Single-Family Home,234200,,,Golden Gate,85,53,For Sale,ALAMEDA
94601,24th Ave,,,Oakland,,31-Dec-69,$0 ,37.78519,-122.231766,CA,Unspecified,185100,,,Meadow Brook,72,62,For Sale,ALAMEDA
94610,Crescent St #224,,,Oakland,,31-Dec-69,$0 ,37.8137,-122.24986,CA,Unspecified,283041,,,Grand Lake,94,52,For Sale,ALAMEDA
94603,94th Ave,,,Oakland,,31-Dec-69,$0 ,37.747414,-122.172195,CA,Unspecified,167913,,,East 14th Street Business District,54,52,For Sale,ALAMEDA
94621,55th Ave,1,3,Oakland,"1,143 sqft",31-Dec-69,$0 ,37.768806,-122.201256,CA,Single-Family Home,208693,,,Wentworth Holland,75,51,For Sale,ALAMEDA
94619,39th Ave,,,Oakland,,31-Dec-69,$0 ,37.79431,-122.190605,CA,Lot/Land,394400,,,Redwood Heights,74,46,For Sale,ALAMEDA
94605,Outlook Ave,1,2,Oakland,"1,376 sqft",31-Dec-69,$0 ,37.767307,-122.16442,CA,Single-Family Home,366000,,,Eastmont Hills,52,51,For Sale,ALAMEDA
94619,Gregory St,2,2,Oakland,"1,312 sqft",31-Dec-69,$0 ,37.79441,-122.185234,CA,Single-Family Home,460000,,,Redwood Heights,62,43,For Sale,ALAMEDA
94605,Old Quarry Loop,,,Oakland,,31-Dec-69,$0 ,37.77908,-122.16587,CA,Unspecified,308576,,,Caballo Hills,26,40,For Sale,ALAMEDA
94603,Clemente Dr,2,3,Oakland,"1,414 sqft",31-Dec-69,$0 ,37.74381,-122.17955,CA,Single-Family Home,246764,,,Elmhurst Park,62,44,For Sale,ALAMEDA
94605,Old Quarry Rd #5104,,,Oakland,,31-Dec-69,$0 ,37.77908,-122.16587,CA,Unspecified,308576,,,Caballo Hills,25,40,For Sale,ALAMEDA
94607,14th St,,,Oakland,,31-Dec-69,$0 ,37.811447,-122.29411,CA,Lot/Land,325649,,,Prescott,74,61,For Sale,ALAMEDA
94611,Oakland Ave,,,Oakland,,31-Dec-69,$0 ,37.815388,-122.258769,CA,Unspecified,560000,,,,78,64,For Sale,ALAMEDA
94618,Boyd Ave,,,Oakland,,31-Dec-69,$0 ,37.841473,-122.253334,CA,Unspecified,690100,,,Shafter,85,63,For Sale,ALAMEDA
94621,75th Ave,,,Oakland,,31-Dec-69,$0 ,37.75754,-122.187126,CA,Single-Family Home,191300,,,Fitchburg,60,63,For Sale,ALAMEDA
94605,Foothill Blvd,,,Oakland,,31-Dec-69,$0 ,37.771233,-122.187645,CA,Unspecified,325000,,,Bancroft Business,51,50,For Sale,ALAMEDA
94605,Foothill Blvd,,,Oakland,,31-Dec-69,$0 ,37.735572,-122.139524,CA,Unspecified,325000,,,,65,55,For Sale,ALAMEDA
94605,72nd Ave,,,Oakland,,31-Dec-69,$0 ,37.76981,-122.17285,CA,Unspecified,314388,,,Millsmont,68,55,For Sale,ALAMEDA
94605,62nd Ave A,,,Oakland,,31-Dec-69,$0 ,37.767563,-122.19208,CA,Unspecified,307644,,,Seminary,49,57,For Sale,ALAMEDA
94608,37th St,,,Oakland,,31-Dec-69,$0 ,37.826713,-122.271954,CA,Unspecified,380000,,,,66,71,For Sale,ALAMEDA
94601,Renwick St,,,Oakland,,31-Dec-69,$0 ,37.778316,-122.20195,CA,Single-Family Home,283158,,,Fairfax,62,50,For Sale,ALAMEDA
94621,55th Ave,,,Oakland,,31-Dec-69,$0 ,37.76772,-122.20271,CA,Unspecified,189000,,,Wentworth Holland,71,54,For Sale,ALAMEDA
94607,12th St,1,1,Oakland,705 sqft,31-Dec-69,$0 ,37.803432,-122.27689,CA,Unspecified,352870,,,Old City,97,83,For Sale,ALAMEDA
94605,Auseon Ave,1,3,Oakland,"1,169 sqft",31-Dec-69,$0 ,37.756607,-122.16701,CA,Single-Family Home,384000,,,Castlemont,52,51,For Sale,ALAMEDA
94606,Athol Ave,1,2,Oakland,"1,289 sqft",31-Dec-69,$0 ,37.801353,-122.2491,CA,Single-Family Home,343900,,,Cleveland Heights,75,62,For Sale,ALAMEDA
94619,Harbor View Ave,1,2,Oakland,"1,174 sqft",31-Dec-69,$0 ,37.796856,-122.19404,CA,Single-Family Home,466800,,,Redwood Heights,68,48,For Sale,ALAMEDA
94603,105th Ave,1,2,Oakland,"1,144 sqft",31-Dec-69,$0 ,37.737007,-122.17151,CA,Single-Family Home,256083,,,North Stonehurst,55,46,For Sale,ALAMEDA
94605,75th Ave,1,3,Oakland,"1,562 sqft",31-Dec-69,$0 ,37.769176,-122.16938,CA,Single-Family Home,389265,,,Eastmont Hills,63,55,For Sale,ALAMEDA
94607,Union St,1,4,Oakland,"1,325 sqft",31-Dec-69,$0 ,37.811134,-122.287926,CA,Single-Family Home,362509,,,Oak Center,78,64,For Sale,ALAMEDA
94603,Warner Ave,1,2,Oakland,"1,334 sqft",31-Dec-69,$0 ,37.74607,-122.16338,CA,Single-Family Home,250265,,,Iveywood,52,54,For Sale,ALAMEDA
94602,Monterey Blvd,2,3,Oakland,"2,620 sqft",31-Dec-69,$0 ,37.80448,-122.19198,CA,Single-Family Home,762916,,,Redwood Heights,58,38,For Sale,ALAMEDA
94603,Dante Ave,1,3,Oakland,"1,390 sqft",31-Dec-69,$0 ,37.742996,-122.15695,CA,Single-Family Home,265000,,,Las Palmas,57,53,For Sale,ALAMEDA
94605,Buena Ventura Ave,2,5,Oakland,"2,534 sqft",31-Dec-69,$0 ,37.77603,-122.17518,CA,Single-Family Home,489856,,,Millsmont,49,52,For Sale,ALAMEDA
94609,60th St,,,Oakland,,31-Dec-69,$0 ,37.84589,-122.26543,CA,Single-Family Home,433752,,,Bushrod,82,64,For Sale,ALAMEDA
94606,E 10th St #A,2,2,Oakland,"1,146 sqft",31-Dec-69,$0 ,37.79067,-122.25304,CA,Unspecified,350726,,,East Peralta,80,60,For Sale,ALAMEDA
94621,D St,2,4,Oakland,"1,644 sqft",31-Dec-69,$0 ,37.750828,-122.182045,CA,Single-Family Home,242227,,,Woodland,58,53,For Sale,ALAMEDA
94605,Stella St,1,2,Oakland,"1,410 sqft",31-Dec-69,$0 ,37.748432,-122.14353,CA,Single-Family Home,398228,,,Sequoyah,35,41,For Sale,ALAMEDA
94603,102nd Ave,2,4,Oakland,"1,925 sqft",31-Dec-69,$0 ,37.740685,-122.169334,CA,Single-Family Home,307501,,,North Stonehurst,55,51,For Sale,ALAMEDA
94605,Ney Ave,,,Oakland,,31-Dec-69,$0 ,37.764378,-122.1644,CA,Unspecified,336057,,,Eastmont Hills,48,,For Sale,ALAMEDA
94621,60th Ave,1,3,Oakland,794 sqft,31-Dec-69,$0 ,37.761497,-122.20333,CA,Single-Family Home,235000,,,Lockwood-Tevis,54,61,For Sale,ALAMEDA
94607,Adeline St,,,Oakland,"1,363 sqft",31-Dec-69,$0 ,37.808594,-122.28649,CA,Single-Family Home,392413,,,Oak Center,75,70,For Sale,ALAMEDA
94602,Jordan Rd,1,2,Oakland,"1,328 sqft",31-Dec-69,$0 ,37.80528,-122.19573,CA,Single-Family Home,601599,,,Lincoln Highlands,66,38,For Sale,ALAMEDA
94605,55th Ave,1,2,Oakland,"1,687 sqft",31-Dec-69,$0 ,37.77756,-122.18868,CA,Single-Family Home,423464,,,Maxwell Park,54,52,For Sale,ALAMEDA
94605,Golf Links Rd,1,2,Oakland,"1,473 sqft",31-Dec-69,$0 ,37.762127,-122.16234,CA,Single-Family Home,415224,,,Oak Knoll Golf Links,37,50,For Sale,ALAMEDA
94606,E 27th St,1,3,Oakland,"1,576 sqft",31-Dec-69,$0 ,37.793808,-122.22829,CA,Single-Family Home,370128,,,Highland Terrace,58,56,For Sale,ALAMEDA
94605,58th Ave,1,2,Oakland,"1,232 sqft",31-Dec-69,$0 ,37.775784,-122.18863,CA,Single-Family Home,416373,,,Frick,54,53,For Sale,ALAMEDA
94602,Coolidge Ave,1,2,Oakland,"1,147 sqft",31-Dec-69,$0 ,37.801964,-122.20522,CA,Single-Family Home,614330,,,Upper Dimond,60,51,For Sale,ALAMEDA
94607,Chester St,3,4,Oakland,"2,158 sqft",31-Dec-69,$0 ,37.803665,-122.29669,CA,Single-Family Home,431144,,,South Prescott,63,65,For Sale,ALAMEDA
94605,Outlook Ave,1,2,Oakland,"1,103 sqft",31-Dec-69,$0 ,37.776367,-122.17715,CA,Single-Family Home,480000,,,Millsmont,62,52,For Sale,ALAMEDA
94605,Stella St,1,2,Oakland,"2,084 sqft",31-Dec-69,$0 ,37.747,-122.14268,CA,Single-Family Home,510168,,,Sequoyah,35,40,For Sale,ALAMEDA
94601,Princeton St,1,2,Oakland,"1,374 sqft",31-Dec-69,$0 ,37.77091,-122.20066,CA,Single-Family Home,395500,,,Fairfax Business,68,52,For Sale,ALAMEDA
94603,Town Square Pl,2,3,Oakland,"1,235 sqft",31-Dec-69,$0 ,37.740814,-122.17073,CA,Single-Family Home,308482,,,North Stonehurst,57,50,For Sale,ALAMEDA
94609,Whitney St,1,2,Oakland,"1,272 sqft",31-Dec-69,$0 ,37.851013,-122.26683,CA,Single-Family Home,592998,,,Bushrod,88,64,For Sale,ALAMEDA
94602,Greenwood Ave,1,2,Oakland,"1,951 sqft",31-Dec-69,$0 ,37.805977,-122.227264,CA,Single-Family Home,843614,,,Trestle Glen,66,54,For Sale,ALAMEDA
94621,Harmon Ave,1,2,Oakland,"1,004 sqft",31-Dec-69,$0 ,37.770454,-122.19734,CA,Single-Family Home,252004,,,Wentworth Holland,63,54,For Sale,ALAMEDA
94621,88th Ave,1,2,Oakland,"1,197 sqft",31-Dec-69,$0 ,37.750923,-122.17464,CA,Single-Family Home,246137,,,East 14th Street Business District,68,51,For Sale,ALAMEDA
94603,91st Ave,1,3,Oakland,"1,279 sqft",31-Dec-69,$0 ,37.747833,-122.17696,CA,Single-Family Home,322000,,,Highland,63,48,For Sale,ALAMEDA
94601,E 16th St,1,3,Oakland,"1,442 sqft",31-Dec-69,$0 ,37.781967,-122.22923,CA,Single-Family Home,384000,,,Oak Tree,78,69,For Sale,ALAMEDA
94605,Outlook Ave,2,3,Oakland,"1,794 sqft",31-Dec-69,$0 ,37.773106,-122.17359,CA,Single-Family Home,452904,,,Millsmont,63,54,For Sale,ALAMEDA
94606,E 26th St,1,2,Oakland,"1,627 sqft",31-Dec-69,$0 ,37.796818,-122.23527,CA,Single-Family Home,445140,,,Highland Park,60,54,For Sale,ALAMEDA
94605,Oakdale Ave,2,3,Oakland,"1,607 sqft",31-Dec-69,$0 ,37.77812,-122.17491,CA,Single-Family Home,432000,,,Millsmont,54,45,For Sale,ALAMEDA
94621,Harmon Ave,2,6,Oakland,"1,880 sqft",31-Dec-69,$0 ,37.766323,-122.19312,CA,Single-Family Home,375000,,,Seminary,55,54,For Sale,ALAMEDA
94605,64th Ave,1,2,Oakland,"1,397 sqft",31-Dec-69,$0 ,37.76963,-122.185646,CA,Single-Family Home,444000,,,Havenscourt,68,56,For Sale,ALAMEDA
94601,34th Ave,3,4,Oakland,"2,374 sqft",31-Dec-69,$0 ,37.777348,-122.223495,CA,Single-Family Home,496000,,,Saint Elizabeth,88,73,For Sale,ALAMEDA
94601,28th Ave,2,4,Oakland,"1,771 sqft",31-Dec-69,$0 ,37.781994,-122.227844,CA,Single-Family Home,500245,,,Oak Tree,83,69,For Sale,ALAMEDA
94605,Sunkist Dr,1,3,Oakland,"1,368 sqft",31-Dec-69,$0 ,37.767677,-122.161224,CA,Single-Family Home,494318,,,Eastmont Hills,45,47,For Sale,ALAMEDA
94618,Desmond St,,,Oakland,"1,664 sqft",31-Dec-69,$0 ,37.834366,-122.25389,CA,Single-Family Home,867075,,,Temescal,89,62,For Sale,ALAMEDA
94605,75th Ave,2,3,Oakland,"2,232 sqft",31-Dec-69,$0 ,37.769665,-122.169365,CA,Single-Family Home,564384,,,Eastmont Hills,62,55,For Sale,ALAMEDA
94605,Buena Ventura Ave,2,3,Oakland,"2,505 sqft",31-Dec-69,$0 ,37.777004,-122.17646,CA,Single-Family Home,528079,,,Millsmont,45,46,For Sale,ALAMEDA
94603,94th Ave,1,3,Oakland,"1,216 sqft",31-Dec-69,$0 ,37.75208,-122.16138,CA,Single-Family Home,326307,,,Castlemont,45,52,For Sale,ALAMEDA
94601,42nd Ave,1,3,Oakland,"1,294 sqft",31-Dec-69,$0 ,37.77957,-122.20825,CA,Single-Family Home,365767,,,Jefferson,58,52,For Sale,ALAMEDA
94602,Burlington St,2,4,Oakland,"2,819 sqft",31-Dec-69,$0 ,37.80584,-122.20509,CA,Single-Family Home,942496,,,Lincoln Highlands,46,47,For Sale,ALAMEDA
94605,Oak Hill Rd,3,4,Oakland,"2,770 sqft",31-Dec-69,$0 ,37.76003,-122.14268,CA,Single-Family Home,703404,,,Sequoyah,37,23,For Sale,ALAMEDA
94605,Siena Dr,4,4,Oakland,"2,042 sqft",31-Dec-69,$0 ,37.771317,-122.15217,CA,Single-Family Home,595362,,,Sequoyah,35,26,For Sale,ALAMEDA
94621,60th Ave,1,2,Oakland,"1,026 sqft",31-Dec-69,$0 ,37.76393,-122.199875,CA,Single-Family Home,268507,,,East 14th Street Business District,60,62,For Sale,ALAMEDA
94608,55th St,1,2,Oakland,"1,033 sqft",31-Dec-69,$0 ,37.838146,-122.284325,CA,Single-Family Home,622027,,,Golden Gate,85,,For Sale,ALAMEDA
94605,Marlow Dr,1,3,Oakland,"1,613 sqft",31-Dec-69,$0 ,37.737087,-122.13885,CA,Single-Family Home,538877,,,Sheffield,55,38,For Sale,ALAMEDA
94611,Ascot Dr,2,3,Oakland,"2,308 sqft",31-Dec-69,$0 ,37.824726,-122.18773,CA,Single-Family Home,828488,,,Piedmont Pines,23,16,For Sale,ALAMEDA
94621,Weld St,2,5,Oakland,"1,683 sqft",31-Dec-69,$0 ,37.764317,-122.18371,CA,Single-Family Home,307555,,,Hegenberger,54,56,For Sale,ALAMEDA
94608,46th St,2,4,Oakland,"1,280 sqft",31-Dec-69,$0 ,37.834816,-122.27065,CA,Single-Family Home,524534,,,Longfellow,75,,For Sale,ALAMEDA
94611,Thornhill Dr,2,3,Oakland,"2,129 sqft",31-Dec-69,$0 ,37.83428,-122.21244,CA,Single-Family Home,822957,,,Merriwood,69,32,For Sale,ALAMEDA
94601,E 9th St,2,3,Oakland,"1,347 sqft",31-Dec-69,$0 ,37.777275,-122.235016,CA,Single-Family Home,423105,,,North Kennedy Tract,78,67,For Sale,ALAMEDA
94605,Surrey Ln,2,4,Oakland,"2,155 sqft",31-Dec-69,$0 ,37.777554,-122.139656,CA,Single-Family Home,662724,,,Sequoyah,26,18,For Sale,ALAMEDA
94603,106th Ave,1,2,Oakland,"1,416 sqft",31-Dec-69,$0 ,37.74117,-122.15811,CA,Single-Family Home,278263,,,Durant Manor,63,53,For Sale,ALAMEDA
94609,60th St,1,3,Oakland,"1,225 sqft",31-Dec-69,$0 ,37.845795,-122.2658,CA,Single-Family Home,584748,,,Bushrod,88,63,For Sale,ALAMEDA
94610,Lakeshore Ave,1,3,Oakland,"1,838 sqft",31-Dec-69,$0 ,37.815956,-122.236015,CA,Single-Family Home,752885,,,Lakeshore,66,45,For Sale,ALAMEDA
94608,Genoa St,1,4,Oakland,"1,605 sqft",31-Dec-69,$0 ,37.84412,-122.27266,CA,Single-Family Home,541816,,,Santa Fe,82,59,For Sale,ALAMEDA
94605,Old Quarry Loop,2,2,Oakland,"1,079 sqft",31-Dec-69,$0 ,37.77908,-122.16587,CA,Single-Family Home,645921,,,Caballo Hills,26,40,For Sale,ALAMEDA
94609,Shattuck Ave,1,3,Oakland,"1,216 sqft",31-Dec-69,$0 ,37.84406,-122.26502,CA,Single-Family Home,549793,,,Bushrod,85,62,For Sale,ALAMEDA
94605,Hansom Dr,2,4,Oakland,"2,081 sqft",31-Dec-69,$0 ,37.779137,-122.14319,CA,Single-Family Home,747386,,,Caballo Hills,25,19,For Sale,ALAMEDA
94619,Colgett Dr,3,4,Oakland,"2,092 sqft",31-Dec-69,$0 ,37.80023,-122.177864,CA,Single-Family Home,777275,,,Crestmont,51,36,For Sale,ALAMEDA
94609,41st St #C,,,Oakland,,31-Dec-69,$0 ,37.82967,-122.262474,CA,Condo,497499,,,Temescal,85,71,For Sale,ALAMEDA
94605,Buena Ventura Ave,,,Oakland,,31-Dec-69,$0 ,37.77661,-122.17536,CA,Unspecified,340000,,,Millsmont,49,52,For Sale,ALAMEDA
94606,E 15th St,,,Oakland,,31-Dec-69,$0 ,37.799101,-122.255961,CA,Unspecified,324973,,,,77,63,For Sale,ALAMEDA
94609,43rd St,,,Oakland,,31-Dec-69,$0 ,37.832527,-122.27004,CA,Unspecified,453189,,,Longfellow,74,72,For Sale,ALAMEDA
94607,Ninth St #428,,,Oakland,,31-Dec-69,$0 ,37.797386,-122.264442,CA,Unspecified,348526,,,,,,For Sale,ALAMEDA
94611,Skyline Blvd,,,Oakland,,31-Dec-69,$0 ,37.821545,-122.187035,CA,Unspecified,671279,,,Piedmont Pines,23,17,For Sale,ALAMEDA
94605,Ney Ave,,,Oakland,,31-Dec-69,$0 ,37.766182,-122.16593,CA,Unspecified,355100,,,Eastmont Hills,62,55,For Sale,ALAMEDA
94607,2nd St,1,1,Oakland,,31-Dec-69,$0 ,37.79856,-122.28274,CA,Condo,535945,,,Produce and Waterfront,85,74,For Sale,ALAMEDA
94601,Chapman St,,3,Oakland,,31-Dec-69,$0 ,37.774414,-122.23536,CA,Condo,367383,,,South Kennedy Tract,88,66,For Sale,ALAMEDA
94603,Clara St,,,Oakland,,31-Dec-69,$0 ,37.735054,-122.18804,CA,Unspecified,243910,,,Brookfield Village,71,41,For Sale,ALAMEDA
94607,Oak St #833,,,Oakland,,31-Dec-69,$0 ,37.79374,-122.26744,CA,Unspecified,351636,,,Produce and Waterfront,91,81,For Sale,ALAMEDA
94601,Bancroft Ave,,,Oakland,,31-Dec-69,$0 ,37.77176,-122.20212,CA,Unspecified,316847,,,Fairfax Business,63,51,For Sale,ALAMEDA
94605,Mountain Blvd,,,Oakland,,31-Dec-69,$0 ,37.77459,-122.15952,CA,Single-Family Home,371047,,,Caballo Hills,34,40,For Sale,ALAMEDA
94603,Tucker St,,,Oakland,,31-Dec-69,$0 ,37.73912,-122.16302,CA,Unspecified,245399,,,East 14th Street Business District,52,53,For Sale,ALAMEDA
94605,Seminary Ave,,,Oakland,,31-Dec-69,$0 ,37.770973,-122.19112,CA,Unspecified,375000,,,Bancroft Business,66,54,For Sale,ALAMEDA
94621,88th Ave,,,Oakland,,31-Dec-69,$0 ,37.751877,-122.17369,CA,Unspecified,215100,,,Webster,66,52,For Sale,ALAMEDA
94605,Camden St,,,Oakland,,31-Dec-69,$0 ,37.775223,-122.18503,CA,Unspecified,382500,,,Frick,63,53,For Sale,ALAMEDA
94605,Camden St,,,Oakland,,31-Dec-69,$0 ,37.752826,-122.126669,CA,Unspecified,382500,,,,,,For Sale,ALAMEDA
94601,Coolidge Ave,,,Oakland,,31-Dec-69,$0 ,37.784008,-122.22071,CA,Unspecified,332973,,,Patten,71,65,For Sale,ALAMEDA
94608,Haven St,,,Oakland,,31-Dec-69,$0 ,37.82634,-122.28313,CA,Unspecified,447231,,,Clawson,78,59,For Sale,ALAMEDA
94601,34th Ave,,,Oakland,,31-Dec-69,$0 ,37.774223,-122.225395,CA,Unspecified,327371,,,Fruitvale Station,94,73,For Sale,ALAMEDA
94619,Lorenzo Ave,,,Oakland,,31-Dec-69,$0 ,37.788567,-122.20241,CA,Unspecified,470907,,,Allendale,80,49,For Sale,ALAMEDA
94621,71st St,,,Oakland,,31-Dec-69,$0 ,37.753823,-122.198346,CA,Unspecified,220500,,,,,,For Sale,ALAMEDA
94607,8th St,,,Oakland,,31-Dec-69,$0 ,37.807606,-122.30024,CA,Unspecified,370268,,,Prescott,69,63,For Sale,ALAMEDA
94621,82nd Ave,,,Oakland,,31-Dec-69,$0 ,37.756264,-122.17837,CA,Unspecified,224678,,,Arroyo Viejo,63,54,For Sale,ALAMEDA
94606,E 18th St,,,Oakland,,31-Dec-69,$0 ,37.79233,-122.243195,CA,Unspecified,350000,,,Clinton,69,56,For Sale,ALAMEDA
94606,E 18th St,,,Oakland,,31-Dec-69,$0 ,37.79237,-122.24324,CA,Unspecified,350000,,,Clinton,66,58,For Sale,ALAMEDA
94612,Martin Luther King Jr Way,,,Oakland,,31-Dec-69,$0 ,37.815395,-122.27203,CA,Single-Family Home,503818,,,Hoover/Foster,94,74,For Sale,ALAMEDA
94609,52nd St,,,Oakland,,31-Dec-69,$0 ,37.837093,-122.26902,CA,Unspecified,501619,,,Santa Fe,82,66,For Sale,ALAMEDA
94603,91st Ave,,,Oakland,,31-Dec-69,$0 ,37.74834,-122.17587,CA,Unspecified,266339,,,Highland,37,45,For Sale,ALAMEDA
94601,37th Ave,,,Oakland,,31-Dec-69,$0 ,37.77624,-122.21998,CA,Unspecified,336005,,,Saint Elizabeth,88,73,For Sale,ALAMEDA
94610,Orange St,,,Oakland,,31-Dec-69,$0 ,37.815047,-122.258875,CA,Unspecified,603000,,,,,,For Sale,ALAMEDA
94610,Orange St,,,Oakland,,31-Dec-69,$0 ,37.81529,-122.25752,CA,Unspecified,603000,,,Oakland Ave/Harrison St,74,64,For Sale,ALAMEDA
94610,Orange St,,,Oakland,,31-Dec-69,$0 ,37.815308,-122.257484,CA,Unspecified,603000,,,Oakland Ave/Harrison St,74,64,For Sale,ALAMEDA
94603,92nd Ave,,,Oakland,,31-Dec-69,$0 ,37.743441,-122.184478,CA,Unspecified,514127,,,,57,45,For Sale,ALAMEDA
94603,Bancroft Ave,,,Oakland,,31-Dec-69,$0 ,37.747906,-122.16129,CA,Lot/Land,292707,,,Las Palmas,46,54,For Sale,ALAMEDA
94611,Howe St #3,1,2,Oakland,,31-Dec-69,$0 ,37.83234,-122.24622,CA,Lot/Land,926479,,,Piedmont Avenue,85,48,For Sale,ALAMEDA
94601,Grande Vis,,,Oakland,,31-Dec-69,$0 ,37.793633,-122.224594,CA,Unspecified,487128,,,Reservoir Hills,54,56,For Sale,ALAMEDA
94606,E 12th St,,,Oakland,,31-Dec-69,$0 ,37.796894,-122.25677,CA,Unspecified,522965,,,Merritt,77,62,For Sale,ALAMEDA
94601,Grande Vista Pl,,,Oakland,,31-Dec-69,$0 ,37.793564,-122.22449,CA,Unspecified,411824,,,Reservoir Hills,54,56,For Sale,ALAMEDA
94601,Grande Vista Pl,,,Oakland,,31-Dec-69,$0 ,37.793556,-122.22445,CA,Unspecified,411824,,,Reservoir Hills,54,56,For Sale,ALAMEDA
94619,35th Ave,,,Oakland,,31-Dec-69,$0 ,37.790382,-122.20637,CA,Unspecified,572229,,,Bartlett,75,52,For Sale,ALAMEDA
94603,Clara Ct,,,Oakland,,31-Dec-69,$0 ,37.736847,-122.18725,CA,Unspecified,428968,,,Brookfield Village,68,40,For Sale,ALAMEDA
94612,San Pablo Ave,,,Oakland,,31-Dec-69,$0 ,37.80751,-122.272446,CA,Unspecified,869077,,,Downtown,100,83,For Sale,ALAMEDA
94612,San Pablo Ave,,,Oakland,,31-Dec-69,$0 ,37.807594,-122.27247,CA,Unspecified,869077,,,Downtown,100,83,For Sale,ALAMEDA
94612,18th St,,,Oakland,,31-Dec-69,$0 ,37.80797,-122.27279,CA,Unspecified,869077,,,San Pablo Gateway,100,83,For Sale,ALAMEDA
94619,Suter St #B,,,Oakland,,31-Dec-69,$0 ,37.789738,-122.20275,CA,Unspecified,644057,,,Allendale,88,50,For Sale,ALAMEDA
94619,Suter St #A,,,Oakland,,31-Dec-69,$0 ,37.789738,-122.20275,CA,Unspecified,644057,,,Allendale,88,50,For Sale,ALAMEDA
94619,Suter St,,,Oakland,,31-Dec-69,$0 ,37.78974,-122.20276,CA,Unspecified,644057,,,Allendale,88,50,For Sale,ALAMEDA
94606,13th Ave,,,Oakland,,31-Dec-69,$0 ,37.78909,-122.248277,CA,Unspecified,469370,,,,,,For Sale,ALAMEDA
94619,Highknoll Dr,3,5,Oakland,,31-Dec-69,$0 ,37.78685,-122.167725,CA,Single-Family Home,532446,,,Caballo Hills,23,34,For Sale,ALAMEDA
94605,Buenaventura Ave,,,Oakland,,31-Dec-69,$0 ,37.776028,-122.17518,CA,Unspecified,773131,,,Millsmont,49,52,For Sale,ALAMEDA
94611,Thorndale Dr,,,Oakland,,31-Dec-69,$0 ,37.84423,-122.20317,CA,Unspecified,950319,,,Forestland,32,12,For Sale,ALAMEDA
94606,E 24th St,,,Oakland,,31-Dec-69,$0 ,37.7944,-122.23506,CA,Unspecified,471123,,,Highland Terrace,65,56,For Sale,ALAMEDA
94606,E 24th St,,,Oakland,,31-Dec-69,$0 ,37.800527,-122.242542,CA,Unspecified,471123,,,,78,59,For Sale,ALAMEDA
94610,Valle Vista Ave,,,Oakland,,31-Dec-69,$0 ,37.81756,-122.24641,CA,Unspecified,925000,,,Grand Lake,86,50,For Sale,ALAMEDA
94603,St Elmo Dr,,,Oakland,,31-Dec-69,$0 ,37.73216,-122.186874,CA,Unspecified,446804,,,Brookfield Village,62,39,For Sale,ALAMEDA
94607,Adeline St,2,4,Oakland,,31-Dec-69,$0 ,37.80011,-122.289796,CA,Unspecified,438787,,,,75,67,For Sale,ALAMEDA
94606,Hanover Ave,,,Oakland,,31-Dec-69,$0 ,37.802519,-122.253701,CA,Unspecified,722074,,,,78,68,For Sale,ALAMEDA
94605,82nd Ave,,,Oakland,,31-Dec-69,$0 ,37.76418,-122.16118,CA,Unspecified,494915,,,Eastmont Hills,42,48,For Sale,ALAMEDA
94606,E 10th St #B,,,Oakland,,31-Dec-69,$0 ,37.79066,-122.25303,CA,Single-Family Home,375921,,,East Peralta,80,60,For Sale,ALAMEDA
94606,8th Ave,,,Oakland,,31-Dec-69,$0 ,37.793823,-122.250786,CA,Unspecified,681004,,,Clinton,82,62,For Sale,ALAMEDA
94607,10th St,,,Oakland,,31-Dec-69,$0 ,37.807884,-122.29301,CA,Unspecified,621716,,,Prescott,74,66,For Sale,ALAMEDA
94601,Glascock St,,,Oakland,,31-Dec-69,$0 ,37.772057,-122.23366,CA,Unspecified,360000,,,South Kennedy Tract,85,66,For Sale,ALAMEDA
94601,37th Ave,,,Oakland,,31-Dec-69,$0 ,37.772293,-122.223145,CA,Unspecified,424345,,,Fruitvale Station,91,73,For Sale,ALAMEDA
94609,Martin Luther King Jr Way,,,Oakland,,31-Dec-69,$0 ,37.822258,-122.27025,CA,Unspecified,638853,,,Hoover/Foster,75,70,For Sale,ALAMEDA
94621,76th Ave,,,Oakland,,31-Dec-69,$0 ,37.75476,-122.19011,CA,Unspecified,263262,,,Fitchburg,54,58,For Sale,ALAMEDA
94601,34th Ave,,,Oakland,,31-Dec-69,$0 ,37.779423,-122.22253,CA,Unspecified,429715,,,Saint Elizabeth,91,73,For Sale,ALAMEDA
94608,Helen St,,,Oakland,,31-Dec-69,$0 ,37.82602,-122.28653,CA,Unspecified,755566,,,Clawson,71,54,For Sale,ALAMEDA
94610,Hillgirt Cir,,,Oakland,,31-Dec-69,$0 ,37.807278,-122.24248,CA,Unspecified,873847,,,Cleveland Heights,92,57,For Sale,ALAMEDA
94612,Martin Luther King Jr Way,,,Oakland,,31-Dec-69,$0 ,37.796664,-122.281924,CA,Unspecified,592308,,,,85,71,For Sale,ALAMEDA
94605,Picardy Dr N,,,Oakland,,31-Dec-69,$0 ,37.77429,-122.18914,CA,Unspecified,675425,,,Frick,55,53,For Sale,ALAMEDA
94601,53rd Ave,,,Oakland,,31-Dec-69,$0 ,37.764454,-122.210594,CA,Unspecified,476801,,,Melrose,71,44,For Sale,ALAMEDA
94608,51st St,,,Oakland,,31-Dec-69,$0 ,37.836323,-122.26853,CA,Unspecified,577025,,,Santa Fe,77,69,For Sale,ALAMEDA
94619,Virden Ave,,,Oakland,,31-Dec-69,$0 ,37.796196,-122.19184,CA,Unspecified,596786,,,Redwood Heights,71,47,For Sale,ALAMEDA
94601,Elmwood Ave #2,,,Oakland,,31-Dec-69,$0 ,37.771954,-122.22681,CA,Unspecified,517016,,,South Kennedy Tract,88,71,For Sale,ALAMEDA
94606,22nd Ave,,,Oakland,,31-Dec-69,$0 ,37.789062,-122.2337,CA,Unspecified,535237,,,Rancho San Antonio,66,54,For Sale,ALAMEDA
94607,Mandela Pkwy,,,Oakland,,31-Dec-69,$0 ,37.82073,-122.28928,CA,Unspecified,420724,,,Prescott,60,47,For Sale,ALAMEDA
94603,107th Ave,,,Oakland,,31-Dec-69,$0 ,37.735226,-122.17199,CA,Single-Family Home,537452,,,North Stonehurst,42,45,For Sale,ALAMEDA
94603,107th Ave,,,Oakland,,31-Dec-69,$0 ,37.735123,-122.17211,CA,Unspecified,537451,,,North Stonehurst,42,45,For Sale,ALAMEDA
94621,71st Ave,,,Oakland,,31-Dec-69,$0 ,37.760704,-122.18816,CA,Unspecified,641099,,,Hegenberger,52,62,For Sale,ALAMEDA
94608,41st St,,,Oakland,,31-Dec-69,$0 ,37.831875,-122.2754,CA,Single-Family Home,642507,,,Longfellow,80,70,For Sale,ALAMEDA
94607,10th St,,,Oakland,,31-Dec-69,$0 ,37.807934,-122.2932,CA,Single-Family Home,518768,,,Prescott,78,65,For Sale,ALAMEDA
94607,Peralta St,,,Oakland,,31-Dec-69,$0 ,37.80431,-122.299608,CA,Unspecified,446525,,,,74,63,For Sale,ALAMEDA
94607,Campbell St,,,Oakland,,31-Dec-69,$0 ,37.810917,-122.296165,CA,Unspecified,405403,,,Prescott,74,62,For Sale,ALAMEDA
94603,Fitzpatrick Rd,,,Oakland,,31-Dec-69,$0 ,37.734997,-122.19304,CA,Single-Family Home,397987,,,Coliseum Industrial Complex,77,42,For Sale,ALAMEDA
94612,Martin Luther King Jr Way,,,Oakland,,31-Dec-69,$0 ,37.815296,-122.27212,CA,Single-Family Home,592308,,,Hoover/Foster,89,73,For Sale,ALAMEDA
94608,Hollis St,,,Oakland,,31-Dec-69,$0 ,37.826244,-122.28427,CA,Unspecified,947600,,,Clawson,74,53,For Sale,ALAMEDA
94605,Walnut St,,,Oakland,,31-Dec-69,$0 ,37.772327,-122.19095,CA,Unspecified,579685,,,Frick,68,54,For Sale,ALAMEDA
94609,56th St,,,Oakland,,31-Dec-69,$0 ,37.841,-122.26701,CA,Unspecified,622992,,,Bushrod,83,60,For Sale,ALAMEDA
94607,9th St,,,Oakland,,31-Dec-69,$0 ,37.80924,-122.299965,CA,Unspecified,783262,,,Prescott,72,61,For Sale,ALAMEDA
94602,Lincoln Ave,,,Oakland,,31-Dec-69,$0 ,37.804657,-122.209145,CA,Single-Family Home,738139,,,Upper Dimond,74,52,For Sale,ALAMEDA
